Rk	Player	Nation	Pos	Squad	Age	Born	90s	Gls	Sh	SoT	SoT%	Sh/90	SoT/90	G/Sh	G/SoT	PK	PKatt	Matches
1	Myenty Abena	sr SUR	DF	Gaziantep FK	31-149	1994	20.4	1	9	2	22.2	0.44	0.10	0.11	0.50	0	0	Matches
2	Tammy Abraham	eng ENG	FW	Beşiktaş	28-220	1997	13.9	7	32	16	50.0	2.31	1.15	0.19	0.38	1	2	Matches
3	Yaw Ackah	gh GHA	MF	Kayserispor	26-343	1999	2.0	0	2	1	50.0	0.98	0.49	0.00	0.00	0	0	Matches
4	Emmanuel Agbadou	ci CIV	DF	Beşiktaş	28-327	1997	11.1	1	9	4	44.4	0.81	0.36	0.11	0.25	0	0	Matches
5	Dan Agyei	gh GHA	MF,FW	Kocaelispor	28-343	1997	22.8	5	46	17	37.0	2.02	0.75	0.11	0.29	0	0	Matches
6	Youssef Aït Bennasser	ma MAR	MF,DF	Kayserispor	29-307	1996	16.3	0	7	0	0.0	0.43	0.00	0.00		0	0	Matches
7	Samet Akaydın	tr TUR	DF	Rizespor	32-058	1994	28.5	3	18	7	38.9	0.63	0.25	0.17	0.43	0	0	Matches
8	Emre Akbaba	tr TUR	MF,FW	Eyüpspor	33-218	1992	11.0	4	26	10	38.5	2.37	0.91	0.12	0.30	1	1	Matches
9	Halil Akbunar	tr TUR	MF,FW	Eyüpspor	32-182	1993	5.6	2	10	3	30.0	1.78	0.53	0.20	0.67	0	0	Matches
10	Yusuf Akçiçek	tr TUR	DF	Fenerbahçe	20-105	2006	1.0	0	0	0		0.00	0.00			0	0	Matches
11	Ümit Akdag	ro ROU	DF	Alanyaspor	22-216	2003	29.1	1	20	2	10.0	0.69	0.07	0.05	0.50	0	0	Matches
12	Tuğbey Akgün	tr TUR	MF	Fatih Karagümrük	23-031	2003	0.1	0	0	0		0.00	0.00			0	0	Matches
13	Yunus Akgün	tr TUR	MF	Galatasaray	25-307	2000	20.1	7	41	11	26.8	2.04	0.55	0.17	0.64	0	0	Matches
14	Gökhan Akkan	tr TUR	GK	Gençlerbirliği	31-129	1995	4.0	0	0	0		0.00	0.00			0	0	Matches
15	Muhammet Akmelek		FW	Gaziantep FK	16-338	2009	0.1	0	0	0		0.00	0.00			0	0	Matches
16	Fatih Aksoy	tr TUR	DF,MF	Alanyaspor	28-185	1997	9.3	0	6	2	33.3	0.64	0.21	0.00	0.00	0	0	Matches
17	Kerem Aktürkoğlu	tr TUR	MF,FW	Fenerbahçe	27-201	1998	20.7	6	40	19	47.5	1.94	0.92	0.13	0.26	1	1	Matches
18	Kaan Akyazi		FW	Konyaspor	20-256	2005	0.3	0	0	0		0.00	0.00			0	0	Matches
19	Ufuk Akyol	de GER	MF	Konyaspor	28-256	1997	0.0	0	0	0		0.00	0.00			0	0	Matches
20	Enes Albak	tr TUR	DF	Samsunspor	20-359	2005	0.1	0	0	0		0.00	0.00			0	0	Matches
21	Danijel Aleksić	rs SRB	MF	Konyaspor	35-010	1991	2.2	1	5	2	40.0	2.31	0.92	0.20	0.50	0	0	Matches
22	Ömer Ali Şahiner	tr TUR	DF	Başakşehir	34-128	1992	19.5	2	11	4	36.4	0.56	0.21	0.18	0.50	0	0	Matches
23	Xusniddin Aliqulov	uz UZB	DF	Rizespor	27-036	1999	4.7	0	3	1	33.3	0.63	0.21	0.00	0.00	0	0	Matches
24	Fidan Aliti	xk KVX	DF	Alanyaspor	32-219	1993	28.7	0	9	2	22.2	0.31	0.07	0.00	0.00	0	0	Matches
25	Jim Allevinah	ga GAB	MF	Kasımpaşa	31-072	1995	2.8	1	7	2	28.6	2.54	0.73	0.14	0.50	0	0	Matches
Rk	Player	Nation	Pos	Squad	Age	Born	90s	Gls	Sh	SoT	SoT%	Sh/90	SoT/90	G/Sh	G/SoT	PK	PKatt	Matches
26	Barış Alper Yılmaz	tr TUR	MF,FW	Galatasaray	25-352	2000	25.6	8	55	24	43.6	2.15	0.94	0.09	0.21	3	3	Matches
27	Taha Altıkardeş	tr TUR	DF	Göztepe	22-261	2003	14.4	1	11	3	27.3	0.76	0.21	0.09	0.33	0	0	Matches
28	Metehan Altunbaş	tr TUR	MF,FW	Eyüpspor	23-123	2003	10.4	6	22	10	45.5	2.11	0.96	0.23	0.50	1	1	Matches
29	Edson Álvarez	mx MEX	MF	Fenerbahçe	28-198	1997	8.5	0	10	5	50.0	1.18	0.59	0.00	0.00	0	0	Matches
30	Michael Amir Murillo	pa PAN	DF	Beşiktaş	30-088	1996	9.6	1	12	3	25.0	1.24	0.31	0.08	0.33	0	0	Matches
31	Sofyan Amrabat	ma MAR	MF	Fenerbahçe	29-262	1996	1.1	0	0	0		0.00	0.00			0	0	Matches
32	Charles André Raux	fr FRA	MF	Eyüpspor	24-176	2001	5.6	2	14	4	28.6	2.50	0.72	0.14	0.50	0	0	Matches
33	Yhoan Andzouana	cg CGO	DF,MF	Konyaspor	29-148	1996	28.1	2	31	8	25.8	1.10	0.29	0.06	0.25	0	0	Matches
34	Seyfettin Anıl Yaşar	tr TUR	DF	Eyüpspor	23-313	2002	3.9	0	1	1	100.0	0.25	0.25	0.00	0.00	0	0	Matches
35	Taylan Antalyalı	tr TUR	MF	Rizespor	31-122	1995	13.5	0	11	3	27.3	0.81	0.22	0.00	0.00	0	0	Matches
36	Alexis Antunes	ch SUI	MF	Göztepe	25-283	2000	6.8	1	16	8	50.0	2.34	1.17	0.06	0.13	0	0	Matches
37	Aaron Appindangoyé	ga GAB	DF	Kocaelispor	34-079	1992	3.5	0	1	1	100.0	0.29	0.29	0.00	0.00	0	0	Matches
38	Adam Arous	tn TUN	DF	Kasımpaşa	21-297	2004	17.6	1	4	1	25.0	0.23	0.06	0.25	1.00	0	0	Matches
39	Marco Asensio	es ESP	MF	Fenerbahçe	30-109	1996	20.8	11	68	26	38.2	3.27	1.25	0.16	0.42	0	0	Matches
40	Kristjan Asllani	al ALB	MF	Beşiktaş	24-062	2002	9.0	2	19	3	15.8	2.11	0.33	0.00	0.00	2	2	Matches
41	Yaser Asprilla	co COL	MF	Galatasaray	22-172	2003	1.8	0	8	1	12.5	4.53	0.57	0.00	0.00	0	0	Matches
42	Kouadou Assoumou	fr FRA	MF,FW	Samsunspor	23-205	2002	4.1	1	8	2	25.0	1.97	0.49	0.13	0.50	0	0	Matches
43	Felipe Augusto	br BRA	MF,FW	Trabzonspor	22-081	2004	23.6	13	64	30	46.9	2.72	1.27	0.20	0.43	0	0	Matches
44	Loide Augusto	ao ANG	MF,FW	Rizespor	26-073	2000	12.5	3	33	8	24.2	2.64	0.64	0.09	0.38	0	0	Matches
45	Furkan Ayaz			Gençlerbirliği	16-221	2009	0.2	0	1	0	0.0	4.50	0.00	0.00		0	0	Matches
46	Eyüp Aydın	tr TUR	MF	Samsunspor	21-281	2004	3.6	0	5	2	40.0	1.38	0.55	0.00	0.00	0	0	Matches
47	Eyüp Aydın	tr TUR	MF	Kasımpaşa	21-281	2004	0.8	0	0	0		0.00	0.00			0	0	Matches
48	Oğuz Aydın	tr TUR	MF,DF	Fenerbahçe	25-195	2000	6.2	0	10	5	50.0	1.60	0.80	0.00	0.00	0	0	Matches
49	Taylan Aydın	tr TUR	DF	Kasımpaşa	20-089	2006	0.1	0	0	0		0.00	0.00			0	0	Matches
50	Soner Aydoğdu	tr TUR	MF	Samsunspor	35-125	1991	1.2	0	1	0	0.0	0.86	0.00	0.00		0	0	Matches
Rk	Player	Nation	Pos	Squad	Age	Born	90s	Gls	Sh	SoT	SoT%	Sh/90	SoT/90	G/Sh	G/SoT	PK	PKatt	Matches
51	Kaan Ayhan	tr TUR	DF	Galatasaray	31-181	1994	3.4	1	5	1	20.0	1.48	0.30	0.20	1.00	0	0	Matches
52	Ousseynou Ba	sn SEN	DF	Başakşehir	30-180	1995	11.2	0	5	1	20.0	0.45	0.09	0.00	0.00	0	0	Matches
53	Mame Baba Thiam	sn SEN	FW,MF	Eyüpspor	33-213	1992	13.1	2	25	11	44.0	1.91	0.84	0.08	0.18	0	0	Matches
54	Shavy Babicka	ga GAB	MF,FW	Fatih Karagümrük	25-343	2000	9.2	1	15	4	26.7	1.63	0.43	0.07	0.25	0	0	Matches
55	Juninho Bacuna	cw CUW	MF	Gaziantep FK	28-276	1997	2.4	0	7	2	28.6	2.88	0.82	0.00	0.00	0	0	Matches
56	Bünyamin Balcı	tr TUR	DF	Antalyaspor	25-344	2000	25.1	0	8	2	25.0	0.32	0.08	0.00	0.00	0	0	Matches
57	Jure Balkovec	si SVN	DF	Fatih Karagümrük	31-243	1994	16.8	0	11	3	27.3	0.66	0.18	0.00	0.00	0	0	Matches
58	Samuel Ballet	ch SUI	MF,FW	Antalyaspor	25-059	2001	18.1	4	32	9	28.1	1.77	0.50	0.13	0.44	0	0	Matches
59	Botond Balogh	hu HUN	DF	Kocaelispor	23-338	2002	18.4	0	5	0	0.0	0.27	0.00	0.00		0	0	Matches
60	Metehan Baltacı	tr TUR	DF	Galatasaray	23-188	2002	0.3	0	0	0		0.00	0.00			0	0	Matches
61	Rayyan Baniya		DF	Trabzonspor	27-081	1999	2.4	0	0	0		0.00	0.00			0	0	Matches
62	Rayyan Baniya		DF	Konyaspor	27-081	1999	0.4	0	1	0	0.0	2.25	0.00	0.00		0	0	Matches
63	Yusuf Barasi	tr TUR	MF	Kasımpaşa	23-040	2003	3.1	0	5	2	40.0	1.64	0.65	0.00	0.00	0	0	Matches
64	Abdülkerim Bardakcı	tr TUR	DF	Galatasaray	31-245	1994	28.2	0	24	5	20.8	0.85	0.18	0.00	0.00	0	0	Matches
65	Enis Bardhi	mk MKD	MF	Konyaspor	30-312	1995	22.8	5	54	19	35.2	2.37	0.83	0.06	0.16	2	2	Matches
66	Boran Başkan	tr TUR	MF	Trabzonspor	20-042	2006	0.0	0	0	0		0.00	0.00			0	0	Matches
67	Arsenii Batahov	ua UKR	DF	Trabzonspor	24-066	2002	23.5	0	9	3	33.3	0.38	0.13	0.00	0.00	0	0	Matches
68	Bilal Bayazit	nl NED	GK	Kayserispor	27-032	1999	28.0	0	0	0		0.00	0.00			0	0	Matches
69	Furkan Bayır	tr TUR	DF	Göztepe	26-090	2000	3.8	0	1	1	100.0	0.27	0.27	0.00	0.00	0	0	Matches
70	Ogün Bayrak		MF,DF	Göztepe	27-212	1998	6.1	0	4	0	0.0	0.66	0.00	0.00		0	0	Matches
71	Riechedly Bazoer	cw CUW	DF	Konyaspor	29-210	1996	9.3	0	2	0	0.0	0.21	0.00	0.00		0	0	Matches
72	Rodrigo Becão	br BRA	DF	Fenerbahçe	30-111	1996	0.1	0	0	0		0.00	0.00			0	0	Matches
73	Rodrigo Becão	br BRA	DF	Kasımpaşa	30-111	1996	11.4	0	2	0	0.0	0.18	0.00	0.00		0	0	Matches
74	Efkan Bekiroğlu		MF	Göztepe	30-238	1995	11.8	3	27	7	25.9	2.29	0.59	0.11	0.43	0	0	Matches
75	Furkan Bekleviç	tr TUR	GK	Fatih Karagümrük	27-099	1999	1.0	0	0	0		0.00	0.00			0	0	Matches
Rk	Player	Nation	Pos	Squad	Age	Born	90s	Gls	Sh	SoT	SoT%	Sh/90	SoT/90	G/Sh	G/SoT	PK	PKatt	Matches
76	Mortadha Ben Ouanes	tn TUN	MF	Kasımpaşa	31-312	1994	25.1	2	23	4	17.4	0.92	0.16	0.09	0.50	0	0	Matches
77	Adrian Benedyczak	pl POL	FW,MF	Kasımpaşa	25-167	2000	11.8	9	30	15	50.0	2.53	1.27	0.20	0.40	3	3	Matches
78	László Bénes	sk SVK	MF	Kayserispor	28-243	1997	27.6	6	51	23	45.1	1.85	0.83	0.12	0.26	0	1	Matches
79	El Bilal Touré	ml MLI	MF,FW	Beşiktaş	24-219	2001	17.3	5	43	22	51.2	2.49	1.27	0.12	0.23	0	0	Matches
80	Tayfur Bingöl	tr TUR	MF,FW	Kocaelispor	33-119	1993	23.1	5	43	18	41.9	1.86	0.78	0.12	0.28	0	0	Matches
81	Davide Biraschi	it ITA	DF	Fatih Karagümrük	31-312	1994	11.7	0	2	1	50.0	0.17	0.09	0.00	0.00	0	0	Matches
82	Morten Bjørlo	no NOR	MF	Konyaspor	30-218	1995	14.8	0	8	1	12.5	0.54	0.07	0.00	0.00	0	0	Matches
83	Emmanuel Boateng	gh GHA	FW	Gaziantep FK	29-352	1996	5.2	1	14	4	28.6	2.67	0.76	0.07	0.25	0	0	Matches
84	Sacha Boey	fr FRA	DF	Galatasaray	25-239	2000	5.4	1	4	2	50.0	0.74	0.37	0.25	0.50	0	0	Matches
85	Malcom Bokélé	cm CMR	DF	Göztepe	26-087	2000	28.4	3	17	5	29.4	0.60	0.18	0.12	0.40	1	1	Matches
86	Yohan Boli	ci CIV	FW	Antalyaspor	32-174	1993	9.5	2	17	5	29.4	1.78	0.52	0.12	0.40	0	0	Matches
87	Toni Borevkovic	hr CRO	DF	Samsunspor	28-326	1997	12.7	1	3	1	33.3	0.24	0.08	0.33	1.00	0	0	Matches
88	Arif Boşluk		DF	Trabzonspor	22-338	2003	4.1	0	3	0	0.0	0.73	0.00	0.00		0	0	Matches
89	Arif Boşluk		DF	Konyaspor	22-338	2003	7.6	0	2	0	0.0	0.26	0.00	0.00		0	0	Matches
90	Melih Bostan	tr TUR	FW	Konyaspor	22-032	2004	1.3	0	4	0	0.0	3.00	0.00	0.00		0	0	Matches
91	Salem Bouajila	fi FIN	FW	Göztepe	18-282	2007	0.2	0	0	0		0.00	0.00			0	0	Matches
92	Benjamin Bouchouari	ma MAR	MF	Trabzonspor	24-178	2001	5.9	0	6	2	33.3	1.02	0.34	0.00	0.00	0	0	Matches
93	Umut Bozok	tr TUR	FW	Eyüpspor	29-233	1996	22.4	6	38	20	52.6	1.70	0.89	0.11	0.20	2	2	Matches
94	Joshua Brenet	cw CUW	DF,MF	Kayserispor	32-051	1994	7.9	0	3	0	0.0	0.38	0.00	0.00		0	0	Matches
95	Ivan Brnić	hr CRO	MF	Başakşehir	24-260	2001	10.2	4	25	9	36.0	2.46	0.89	0.16	0.44	0	0	Matches
96	Archie Brown	eng ENG	DF,MF	Fenerbahçe	23-347	2002	16.3	3	20	6	30.0	1.22	0.37	0.15	0.50	0	0	Matches
97	İsmail Buğa		MF	Konyaspor	19-275	2006	0.3	0	0	0		0.00	0.00			0	0	Matches
98	Tahsin Bülbül		MF	Samsunspor	19-335	2006	0.9	0	1	0	0.0	1.07	0.00	0.00		0	0	Matches
99	Muhamed Buljubasic	ba BIH	MF	Rizespor	21-310	2004	8.8	0	12	2	16.7	1.37	0.23	0.00	0.00	0	0	Matches
100	Emrecan Bulut		MF,FW	Rizespor	24-104	2002	6.5	1	17	5	29.4	2.62	0.77	0.06	0.20	0	0	Matches
Rk	Player	Nation	Pos	Squad	Age	Born	90s	Gls	Sh	SoT	SoT%	Sh/90	SoT/90	G/Sh	G/SoT	PK	PKatt	Matches
101	Onur Bulut	tr TUR	DF	Başakşehir	32-024	1994	10.8	0	6	1	16.7	0.56	0.09	0.00	0.00	0	0	Matches
102	Taylan Bulut	de GER	DF	Beşiktaş	20-111	2006	4.9	0	1	1	100.0	0.20	0.20	0.00	0.00	0	0	Matches
103	Abdulsamet Burak		DF	Kayserispor	29-362	1996	4.2	0	0	0		0.00	0.00			0	0	Matches
104	Mustafa Burak Bozan		GK	Gaziantep FK	25-260	2000	12.7	0	0	0		0.00	0.00			0	0	Matches
105	Cafú	pt POR	MF	Kasımpaşa	33-073	1993	13.7	0	15	3	20.0	1.09	0.22	0.00	0.00	0	0	Matches
106	Oğulcan Çağlayan	tr TUR	FW	Kocaelispor	30-049	1996	2.2	0	6	0	0.0	2.76	0.00	0.00		0	0	Matches
107	Uğurcan Çakır	tr TUR	GK	Galatasaray	30-035	1996	25.0	0	0	0		0.00	0.00			0	0	Matches
108	Uğurcan Çakır	tr TUR	GK	Trabzonspor	30-035	1996	4.0	0	0	0		0.00	0.00			0	0	Matches
109	Onuralp Çakiroğlu	tr TUR	FW	Trabzonspor	18-156	2007	0.0	0	0	0		0.00	0.00			0	0	Matches
110	Lucas Calegari	br BRA	DF,MF	Eyüpspor	24-072	2002	17.0	1	11	4	36.4	0.65	0.24	0.09	0.25	0	0	Matches
111	Josip Čalušić	hr CRO	DF	Konyaspor	32-211	1993	3.3	0	0	0		0.00	0.00			0	0	Matches
112	João Pedro Gomes Camacho	pt POR	MF	Fatih Karagümrük	31-321	1994	3.5	0	4	2	50.0	1.13	0.56	0.00	0.00	0	0	Matches
113	Drissa Camara	ci CIV	MF	Gaziantep FK	24-081	2002	19.2	3	65	24	36.9	3.38	1.25	0.05	0.13	0	0	Matches
114	İrfan Can Eğribayat	tr TUR	GK	Samsunspor	27-314	1998	3.0	0	0	0		0.00	0.00			0	0	Matches
115	İrfan Can Eğribayat	tr TUR	GK	Fenerbahçe	27-314	1998	3.0	0	0	0		0.00	0.00			0	0	Matches
116	Mesut Can Tunalı		MF	Kocaelispor	24-306	2001	0.5	0	0	0		0.00	0.00			0	0	Matches
117	Cihan Çanak	tr TUR	MF	Gençlerbirliği	21-106	2005	4.2	0	2	1	50.0	0.48	0.24	0.00	0.00	0	0	Matches
118	Cihan Çanak	tr TUR	MF	Trabzonspor	21-106	2005	0.5	0	0	0		0.00	0.00			0	0	Matches
119	Atakan Çankaya	tr TUR	DF	Fatih Karagümrük	27-319	1998	17.0	1	15	3	20.0	0.88	0.18	0.07	0.33	0	0	Matches
120	Erdem Canpolat	de GER	GK	Rizespor	25-027	2001	7.0	0	0	0		0.00	0.00			0	0	Matches
121	Miguel Filipe Nunes Cardoso	pt POR	MF,FW	Kayserispor	31-325	1994	31.7	2	73	23	31.5	2.30	0.73	0.03	0.09	0	0	Matches
122	Lionel Carole	fr FRA	DF	Kayserispor	35-028	1991	20.1	0	1	0	0.0	0.05	0.00	0.00		0	0	Matches
123	Ebrima Ceesay	gm GAM	FW	Samsunspor	19-343	2006	0.1	0	0	0		0.00	0.00			0	0	Matches
124	Jesper Ceesay	gm GAM	MF	Antalyaspor	24-202	2001	23.3	0	8	2	25.0	0.34	0.09	0.00	0.00	0	0	Matches
125	Cihat Çelik	nl NED	MF	Kocaelispor	30-128	1996	0.1	0	1	0	0.0	6.92	0.00	0.00		0	0	Matches
Rk	Player	Nation	Pos	Squad	Age	Born	90s	Gls	Sh	SoT	SoT%	Sh/90	SoT/90	G/Sh	G/SoT	PK	PKatt	Matches
126	İzzet Çelik	tr TUR	MF	Alanyaspor	21-324	2004	1.7	0	2	0	0.0	1.15	0.00	0.00		0	0	Matches
127	Yiğit Çeltik	tr TUR	MF	Kayserispor	23-033	2003	0.2	0	0	0		0.00	0.00			0	0	Matches
128	Václav Černý	cz CZE	MF	Beşiktaş	28-205	1997	21.6	4	62	25	40.3	2.87	1.16	0.06	0.16	0	0	Matches
129	Tarık Çetin	tr TUR	GK	Fenerbahçe	29-122	1997	2.0	0	0	0		0.00	0.00			0	0	Matches
130	Fyodor Chalov	ru RUS	FW,MF	Kayserispor	28-030	1998	8.6	1	15	6	40.0	1.75	0.70	0.07	0.17	0	0	Matches
131	Muhammed Cham	at AUT	MF	Trabzonspor	25-226	2000	0.1	0	0	0		0.00	0.00			0	0	Matches
132	Sidiki Cherif	fr FRA	FW	Fenerbahçe	19-146	2006	7.2	2	11	8	72.7	1.53	1.11	0.18	0.25	0	0	Matches
133	Amine Cherni	tn TUN	MF	Göztepe	24-307	2001	32.3	0	24	6	25.0	0.74	0.19	0.00	0.00	0	0	Matches
134	Darko Churlinov	mk MKD	MF,FW	Kocaelispor	25-303	2000	11.1	0	18	4	22.2	1.63	0.36	0.00	0.00	0	0	Matches
135	Kayra Cihan	tr TUR	DF	Kayserispor	18-222	2007	1.1	0	0	0		0.00	0.00			0	0	Matches
136	Mirza Cihan		FW	Gaziantep FK	25-196	2000	0.3	0	0	0		0.00	0.00			0	0	Matches
137	Muharrem Cinan		DF	Kocaelispor	27-362	1998	4.5	0	1	0	0.0	0.22	0.00	0.00		0	0	Matches
138	Anıl Çınar		DF	Fatih Karagümrük	22-304	2003	11.3	2	7	2	28.6	0.62	0.18	0.29	1.00	0	0	Matches
139	Ramazan Civelek	tr TUR	DF,MF	Kayserispor	30-108	1996	23.8	0	12	1	8.3	0.50	0.04	0.00	0.00	0	0	Matches
140	Luccas Claro	br BRA	DF	Eyüpspor	34-220	1991	14.7	1	8	1	12.5	0.54	0.07	0.13	1.00	0	0	Matches
141	Kamil Çörekçi	tr TUR	DF	Kasımpaşa	34-098	1992	7.5	0	0	0		0.00	0.00			0	0	Matches
142	Nuno da Costa	cv CPV	MF,FW	Başakşehir	35-089	1991	9.3	3	26	6	23.1	2.78	0.64	0.12	0.50	0	0	Matches
143	Tanguy Coulibaly	fr FRA	MF	Samsunspor	25-081	2001	7.2	1	16	4	25.0	2.21	0.55	0.06	0.25	0	0	Matches
144	Crespo	pt POR	MF	Başakşehir	29-241	1996	11.6	0	13	3	23.1	1.12	0.26	0.00	0.00	0	0	Matches
145	Kevin Csoboth	hu HUN	FW	Gençlerbirliği	25-324	2000	0.6	0	1	1	100.0	1.80	1.80	0.00	0.00	0	0	Matches
146	Julián Cuesta	es ESP	GK	Antalyaspor	35-043	1991	20.0	0	0	0		0.00	0.00			0	0	Matches
147	Tiago Çukur	tr TUR	FW,MF	Fatih Karagümrük	23-161	2002	17.1	2	30	10	33.3	1.75	0.58	0.07	0.20	0	0	Matches
148	Tomáš Čvančara	cz CZE	FW	Antalyaspor	25-270	2000	5.8	1	12	6	50.0	2.06	1.03	0.08	0.17	0	0	Matches
149	David Datro Fofana	ci CIV	FW	Fatih Karagümrük	23-139	2002	10.9	6	22	8	36.4	2.02	0.73	0.27	0.75	0	1	Matches
150	Sergio Antonio De Luiz Junior	br BRA	MF,FW	Fatih Karagümrük	31-034	1995	24.2	8	41	15	36.6	1.69	0.62	0.20	0.53	0	0	Matches
Rk	Player	Nation	Pos	Squad	Age	Born	90s	Gls	Sh	SoT	SoT%	Sh/90	SoT/90	G/Sh	G/SoT	PK	PKatt	Matches
151	Gökhan Değirmenci	tr TUR	GK	Kocaelispor	37-050	1989	9.5	0	0	0		0.00	0.00			0	0	Matches
152	Tom Dele-Bashiru	ng NGA	MF	Gençlerbirliği	26-235	1999	25.2	0	16	3	18.8	0.63	0.12	0.00	0.00	0	0	Matches
153	Dilhan Demir	de GER	MF	Gençlerbirliği	22-316	2003	1.1	0	1	0	0.0	0.88	0.00	0.00		0	0	Matches
154	Mete-Kaan Demir	tr TUR	FW	Eyüpspor	27-362	1998	0.0	0	0	0		0.00	0.00			0	0	Matches
155	Yusuf Demir	at AUT	MF	Galatasaray	22-342	2003	0.3	0	3	1	33.3	9.31	3.10	0.00	0.00	0	0	Matches
156	Adil Demirbağ	tr TUR	DF	Konyaspor	28-151	1997	23.2	2	10	2	20.0	0.43	0.09	0.20	1.00	0	0	Matches
157	Kerem Demirbay	de GER	MF	Kasımpaşa	32-311	1993	7.5	1	7	3	42.9	0.94	0.40	0.14	0.33	0	0	Matches
158	Kerem Demirbay	de GER	MF	Eyüpspor	32-311	1993	15.7	0	19	5	26.3	1.21	0.32	0.00	0.00	0	0	Matches
159	Ali Demirbilek	tr TUR	FW	Antalyaspor	17-125	2009	0.0	0	0	0		0.00	0.00			0	0	Matches
160	Alper Demirol	se SWE	MF	Fatih Karagümrük	23-221	2002	0.8	0	0	0		0.00	0.00			0	0	Matches
161	Anthony Dennis	ng NGA	MF	Göztepe	21-323	2004	26.5	3	23	6	26.1	0.87	0.23	0.13	0.50	0	0	Matches
162	Stefano Denswil	sr SUR	DF	Kayserispor	33-003	1993	30.2	1	24	2	8.3	0.79	0.07	0.04	0.50	0	0	Matches
163	Halil Dervişoğlu	tr TUR	FW	Rizespor	26-153	1999	9.5	1	18	2	11.1	1.89	0.21	0.06	0.50	0	0	Matches
164	Ersin Destanoğlu	tr TUR	GK	Beşiktaş	25-129	2001	24.0	0	0	0		0.00	0.00			0	0	Matches
165	Ali Diabaté	ci CIV	DF	Samsunspor	19-156	2006	1.7	0	2	1	50.0	1.19	0.60	0.00	0.00	0	0	Matches
166	Fousseni Diabaté	ml MLI	MF	Kasımpaşa	30-204	1995	21.0	1	14	7	50.0	0.67	0.33	0.07	0.14	0	0	Matches
167	Ousmane Dıabate	gn GUI	MF	Gençlerbirliği	18-228	2007	2.0	0	1	0	0.0	0.49	0.00	0.00		0	0	Matches
168	Anfernee Dijksteel	sr SUR	DF	Kocaelispor	29-195	1996	28.9	0	3	0	0.0	0.10	0.00	0.00		0	0	Matches
169	Soner Dikmen	tr TUR	MF	Antalyaspor	32-251	1993	22.9	4	24	10	41.7	1.05	0.44	0.17	0.40	0	0	Matches
170	Deniz Dilmen	tr TUR	GK	Başakşehir	20-339	2005	1.0	0	0	0		0.00	0.00			0	0	Matches
171	Landry Dimata	be BEL	MF,FW	Samsunspor	28-251	1997	1.4	0	3	2	66.7	2.08	1.38	0.00	0.00	0	0	Matches
172	Sokratis Dioudis	gr GRE	GK	Gaziantep FK	33-096	1993	0.3	0	0	0		0.00	0.00			0	0	Matches
173	Novatus Dismas	tz TAN	MF	Göztepe	23-250	2002	24.1	2	29	5	17.2	1.20	0.21	0.03	0.20	1	1	Matches
174	Tiago Djaló	pt POR	DF	Beşiktaş	26-031	2000	16.3	2	10	3	30.0	0.61	0.18	0.20	0.67	0	0	Matches
175	Alexander Djiku	gh GHA	DF,MF	Fenerbahçe	31-274	1994	0.0	0	0	0		0.00	0.00			0	0	Matches
Rk	Player	Nation	Pos	Squad	Age	Born	90s	Gls	Sh	SoT	SoT%	Sh/90	SoT/90	G/Sh	G/SoT	PK	PKatt	Matches
176	Ahmet Doğan Yıldırım		GK	Trabzonspor	19-190	2006	0.9	0	0	0		0.00	0.00			0	0	Matches
177	Marius Doh	ci CIV	MF	Fatih Karagümrük	22-144	2003	11.3	0	16	3	18.8	1.42	0.27	0.00	0.00	0	0	Matches
178	Deniz Donmezer		GK	Kayserispor	17-231	2008	1.0	0	0	0		0.00	0.00			0	0	Matches
179	Nene Dorgeles	ml MLI	MF	Fenerbahçe	23-138	2002	16.3	9	31	17	54.8	1.91	1.05	0.29	0.53	0	0	Matches
180	Denis Drăguș	ro ROU	FW	Gaziantep FK	26-308	1999	3.7	0	9	2	22.2	2.45	0.55	0.00	0.00	0	0	Matches
181	Denis Drăguș	ro ROU	MF,FW	Eyüpspor	26-308	1999	9.7	0	26	7	26.9	2.68	0.72	0.00	0.00	0	0	Matches
182	Rick van Drongelen	nl NED	DF	Samsunspor	27-141	1998	30.4	2	18	3	16.7	0.59	0.10	0.11	0.67	0	0	Matches
183	Léo Duarte	br BRA	DF	Başakşehir	29-297	1996	25.6	0	10	2	20.0	0.39	0.08	0.00	0.00	0	0	Matches
184	Tibet Durakçay		FW	Göztepe	20-098	2006	0.0	0	0	0		0.00	0.00			0	0	Matches
185	Jáder Durán	co COL	FW	Fenerbahçe	22-148	2003	6.0	3	17	6	35.3	2.82	1.00	0.18	0.50	0	0	Matches
186	Abdurrahim Dursun	tr TUR	DF,MF	Gençlerbirliği	27-160	1998	7.3	0	6	1	16.7	0.82	0.14	0.00	0.00	0	0	Matches
187	Serdar Dursun	tr TUR	FW	Kocaelispor	34-203	1991	16.7	6	34	11	32.4	2.03	0.66	0.12	0.36	2	2	Matches
188	Georgi Dzhikiya	ru RUS	DF	Antalyaspor	32-170	1993	12.8	2	7	3	42.9	0.55	0.23	0.29	0.67	0	0	Matches
189	Festy Ebosele	ie IRL	DF	Başakşehir	23-281	2002	7.6	0	1	0	0.0	0.13	0.00	0.00		0	0	Matches
190	Ederson	br BRA	GK	Fenerbahçe	32-266	1993	23.7	0	0	0		0.00	0.00			0	0	Matches
191	Yiğit Efe Demir	tr TUR	DF	Fenerbahçe	21-281	2004	7.0	0	7	0	0.0	1.00	0.00	0.00		0	0	Matches
192	Demir Ege Tıknaz	tr TUR	MF	Beşiktaş	21-266	2004	3.5	0	4	1	25.0	1.14	0.28	0.00	0.00	0	0	Matches
193	Meschak Elia	cd COD	MF,FW	Alanyaspor	28-277	1997	8.1	2	13	8	61.5	1.60	0.99	0.15	0.25	0	0	Matches
194	Eren Elmalı	tr TUR	DF,MF	Galatasaray	25-307	2000	16.0	3	14	6	42.9	0.88	0.38	0.21	0.50	0	0	Matches
195	Bartuğ Elmaz	tr TUR	MF	Fenerbahçe	23-080	2003	1.1	0	3	2	66.7	2.70	1.80	0.00	0.00	0	0	Matches
196	Bartuğ Elmaz	tr TUR	MF	Fatih Karagümrük	23-080	2003	10.6	1	15	4	26.7	1.42	0.38	0.07	0.25	0	0	Matches
197	Emersonn	br BRA	FW	Göztepe	21-298	2004	1.4	1	3	2	66.7	2.16	1.44	0.33	0.50	0	0	Matches
198	Yunus Emre Çift	tr TUR	MF,DF	Samsunspor	22-251	2003	8.1	0	4	1	25.0	0.49	0.12	0.00	0.00	0	0	Matches
199	Youssef En-Nesyri	ma MAR	FW	Fenerbahçe	28-343	1997	11.2	7	37	16	43.2	3.31	1.43	0.19	0.44	0	0	Matches
200	Mehmet Eray Özbek		MF	Kayserispor	23-121	2003	1.5	0	1	0	0.0	0.67	0.00	0.00		0	0	Matches
Rk	Player	Nation	Pos	Squad	Age	Born	90s	Gls	Sh	SoT	SoT%	Sh/90	SoT/90	G/Sh	G/SoT	PK	PKatt	Matches
201	Erhan Erentürk	tr TUR	GK	Gençlerbirliği	30-345	1995	7.0	0	0	0		0.00	0.00			0	0	Matches
202	Onur Ergün	tr TUR	MF	Başakşehir	33-176	1992	3.8	0	5	1	20.0	1.32	0.26	0.00	0.00	0	0	Matches
203	Muzaffer Eriş		DF	Konyaspor	19-295	2006	1.7	0	1	0	0.0	0.59	0.00	0.00		0	0	Matches
204	Burhan Ersoy		MF	Fatih Karagümrük	22-331	2003	0.0	0	0	0		0.00	0.00			0	0	Matches
205	Deniz Ertaş	tr TUR	GK	Konyaspor	21-051	2005	11.0	0	0	0		0.00	0.00			0	0	Matches
206	Ricardo Esgaio	pt POR	DF	Fatih Karagümrük	32-359	1993	23.2	0	2	0	0.0	0.09	0.00	0.00		0	0	Matches
207	Mustafa Eskihellaç	tr TUR	DF,MF	Trabzonspor	29-005	1997	25.7	0	36	7	19.4	1.40	0.27	0.00	0.00	0	0	Matches
208	Jhon Espinoza	ec ECU	DF,MF	Kasımpaşa	27-075	1999	6.2	0	5	0	0.0	0.81	0.00	0.00		0	0	Matches
209	Oghenekaro Etebo	ng NGA	MF	Gençlerbirliği	30-182	1995	0.5	0	0	0		0.00	0.00			0	0	Matches
210	Mamadou Fall	sn SEN	MF,FW	Kasımpaşa	34-130	1991	12.9	0	11	2	18.2	0.85	0.15	0.00	0.00	0	0	Matches
211	Andri Fannar Baldursson	is ISL	MF	Kasımpaşa	24-120	2002	29.1	0	20	2	10.0	0.69	0.07	0.00	0.00	0	0	Matches
212	Ömer Faruk Beyaz	tr TUR	MF	Başakşehir	22-254	2003	0.3	0	1	0	0.0	3.21	0.00	0.00		0	0	Matches
213	Abbosbek Fayzullayev	uz UZB	MF	Başakşehir	22-219	2003	11.4	3	29	12	41.4	2.55	1.06	0.10	0.25	0	0	Matches
214	Marcos Felipe	br BRA	GK	Eyüpspor	30-027	1996	19.0	0	0	0		0.00	0.00			0	0	Matches
215	Ohis Felix Uduokhai	de GER	DF	Beşiktaş	28-243	1997	12.5	0	4	3	75.0	0.32	0.24	0.00	0.00	0	0	Matches
216	Yahia Fofana	ci CIV	GK	Rizespor	25-262	2000	26.0	0	0	0		0.00	0.00			0	0	Matches
217	Fred	br BRA	MF	Fenerbahçe	33-066	1993	15.4	2	42	14	33.3	2.72	0.91	0.05	0.14	0	0	Matches
218	Godfried Frimpong	nl NED	DF	Kasımpaşa	27-019	1999	24.4	0	4	1	25.0	0.16	0.04	0.00	0.00	0	0	Matches
219	Karamba Gassama	gm GAM	MF,FW	Gaziantep FK	21-128	2005	6.2	0	9	4	44.4	1.45	0.64	0.00	0.00	0	0	Matches
220	Furkan Gedik		MF	Kocaelispor	23-302	2002	0.4	0	1	0	0.0	2.31	0.00	0.00		0	0	Matches
221	Baran Gezek	tr TUR	MF	Eyüpspor	20-257	2005	14.4	0	6	2	33.3	0.42	0.14	0.00	0.00	0	0	Matches
222	Lautaro Gianetti	ar ARG	DF	Antalyaspor	32-178	1993	19.0	1	9	4	44.4	0.47	0.21	0.11	0.25	0	0	Matches
223	Andreas Gianniotis	gr GRE	GK	Kasımpaşa	33-149	1992	33.0	1	1	1	100.0	0.03	0.03	1.00	1.00	0	0	Matches
224	Victor Gidado	ng NGA	MF	Gaziantep FK	21-300	2004	4.9	0	4	0	0.0	0.81	0.00	0.00		0	0	Matches
225	Allan Godói	br BRA	DF	Göztepe	33-036	1993	20.6	0	8	2	25.0	0.39	0.10	0.00	0.00	0	0	Matches
Rk	Player	Nation	Pos	Squad	Age	Born	90s	Gls	Sh	SoT	SoT%	Sh/90	SoT/90	G/Sh	G/SoT	PK	PKatt	Matches
226	Diogo Gonçalves	pt POR	MF,FW	Konyaspor	29-093	1997	2.5	2	4	3	75.0	1.61	1.21	0.50	0.67	0	0	Matches
227	Soner Gönül	tr TUR	DF,MF	Samsunspor	28-333	1997	8.3	0	6	3	50.0	0.72	0.36	0.00	0.00	0	0	Matches
228	Zafer Görgen		GK	Gaziantep FK	25-323	2000	20.0	0	0	0		0.00	0.00			0	0	Matches
229	Dimitris Goutas	gr GRE	DF	Gençlerbirliği	32-036	1994	31.3	3	23	7	30.4	0.74	0.22	0.13	0.43	0	0	Matches
230	Andre Gray	jm JAM	FW	Fatih Karagümrük	34-318	1991	5.8	0	5	2	40.0	0.86	0.34	0.00	0.00	0	0	Matches
231	Ivo Grbić	hr CRO	GK	Fatih Karagümrük	30-112	1996	32.0	0	0	0		0.00	0.00			0	0	Matches
232	Mattéo Guendouzi	fr FRA	MF	Fenerbahçe	27-026	1999	14.6	1	12	2	16.7	0.82	0.14	0.08	0.50	0	0	Matches
233	Bachir Gueye	sn SEN	FW	Antalyaspor	23-063	2003	1.0	2	3	3	100.0	3.00	3.00	0.67	0.67	0	0	Matches
234	Semih Güler		DF	Kayserispor	31-161	1994	14.3	0	5	1	20.0	0.35	0.07	0.00	0.00	0	0	Matches
235	Semih Güler		DF	Gaziantep FK	31-161	1994	8.5	0	2	0	0.0	0.23	0.00	0.00		0	0	Matches
236	Ömer Gümüş		MF	Fatih Karagümrük	22-307	2003	0.8	0	1	0	0.0	1.23	0.00	0.00		0	0	Matches
237	İlkay Gündoğan	de GER	MF	Galatasaray	35-198	1990	14.4	2	12	2	16.7	0.83	0.14	0.17	1.00	0	0	Matches
238	Umut Güneş	tr TUR	MF	Başakşehir	26-055	2000	22.2	1	10	2	20.0	0.45	0.09	0.10	0.50	0	0	Matches
239	Bahadır Güngördü		GK	Konyaspor	28-153	1997	22.0	0	0	0		0.00	0.00			0	0	Matches
240	Mert Günok	tr TUR	GK	Beşiktaş	37-070	1989	8.0	0	0	0		0.00	0.00			0	0	Matches
241	Mert Günok	tr TUR	GK	Fenerbahçe	37-070	1989	3.3	0	0	0		0.00	0.00			0	0	Matches
242	Hamza Güreler	tr TUR	DF	Başakşehir	20-030	2006	1.6	0	0	0		0.00	0.00			0	0	Matches
243	Serdar Gürler	tr TUR	MF,DF	Eyüpspor	34-238	1991	14.2	0	22	6	27.3	1.55	0.42	0.00	0.00	0	0	Matches
244	Gökdeniz Gürpüz	tr TUR	MF	Galatasaray	20-074	2006	0.0	0	1	0	0.0	90.00	0.00	0.00		0	0	Matches
245	Göktan Gürpüz	de GER	MF	Gençlerbirliği	23-108	2003	21.3	0	23	3	13.0	1.08	0.14	0.00	0.00	0	0	Matches
246	Günay Güvenç	tr TUR	GK	Galatasaray	34-319	1991	7.7	0	0	0		0.00	0.00			0	0	Matches
247	Pape Habib Guèye	sn SEN	FW	Kasımpaşa	26-232	1999	17.3	5	38	14	36.8	2.20	0.81	0.13	0.36	0	1	Matches
248	Florent Hadergjonaj	xk KVX	MF	Alanyaspor	31-283	1994	23.6	6	22	11	50.0	0.93	0.47	0.14	0.27	3	3	Matches
249	Ianis Hagi	ro ROU	MF,FW	Alanyaspor	27-200	1998	15.4	3	37	11	29.7	2.41	0.72	0.08	0.27	0	0	Matches
250	Massadio Haïdara	ml MLI	DF	Kocaelispor	33-159	1992	19.1	0	10	3	30.0	0.52	0.16	0.00	0.00	0	0	Matches
Rk	Player	Nation	Pos	Squad	Age	Born	90s	Gls	Sh	SoT	SoT%	Sh/90	SoT/90	G/Sh	G/SoT	PK	PKatt	Matches
251	Haris Hajradinović	ba BIH	MF	Kasımpaşa	32-081	1994	6.1	2	18	6	33.3	2.93	0.98	0.06	0.17	1	1	Matches
252	Matěj Hanousek	cz CZE	DF	Gençlerbirliği	32-342	1993	14.2	0	1	0	0.0	0.07	0.00	0.00		0	0	Matches
253	Amine Harit	ma MAR	MF	Başakşehir	28-326	1997	16.6	2	27	6	22.2	1.62	0.36	0.07	0.33	0	0	Matches
254	Mustafa Hekimoğlu	tr TUR	FW	Beşiktaş	19-018	2007	3.8	1	8	3	37.5	2.12	0.79	0.13	0.33	0	0	Matches
255	Héliton	br BRA	DF	Göztepe	30-178	1995	31.0	0	43	8	18.6	1.39	0.26	0.00	0.00	0	0	Matches
256	Carlo Holse	dk DEN	MF	Samsunspor	26-342	1999	27.9	8	52	21	40.4	1.86	0.75	0.15	0.38	0	0	Matches
257	Majid Hosseini	ir IRN	DF	Kayserispor	29-324	1996	3.0	0	0	0		0.00	0.00			0	0	Matches
258	Oh Hyeon-gyu	kr KOR	FW	Beşiktaş	25-028	2001	12.0	6	29	13	44.8	2.41	1.08	0.21	0.46	0	0	Matches
259	Casper Højer Nielsen	dk DEN	DF	Rizespor	31-171	1994	29.0	0	19	3	15.8	0.65	0.10	0.00	0.00	0	0	Matches
260	Melih Ibrahimoglu	tr TUR	MF	Konyaspor	25-297	2000	25.3	1	23	5	21.7	0.91	0.20	0.04	0.20	0	0	Matches
261	Mücahit Ibrahimoglu	at AUT	MF	Konyaspor	21-062	2005	0.0	0	0	0		0.00	0.00			0	0	Matches
262	Mauro Icardi	ar ARG	FW	Galatasaray	33-080	1993	13.7	14	58	25	43.1	4.22	1.82	0.22	0.52	1	1	Matches
263	Hasan İlçin	tr TUR	MF	Antalyaspor	17-047	2009	1.9	0	0	0		0.00	0.00			0	0	Matches
264	Ahmed Ildiz	tr TUR	MF	Göztepe	29-162	1996	0.6	0	1	0	0.0	1.80	0.00	0.00		0	0	Matches
265	Christ Inao Oulaï	ci CIV	MF	Trabzonspor	20-034	2006	22.1	2	24	7	29.2	1.09	0.32	0.08	0.29	0	0	Matches
266	Tim Jabol-Folcarelli	fr FRA	MF	Trabzonspor	26-155	1999	25.9	0	13	1	7.7	0.50	0.04	0.00	0.00	0	0	Matches
267	Ismail Jakobs	sn SEN	DF	Galatasaray	26-266	1999	14.3	0	7	0	0.0	0.49	0.00	0.00		0	0	Matches
268	Janderson	br BRA	FW	Göztepe	27-004	1999	26.4	6	69	23	33.3	2.61	0.87	0.09	0.26	0	1	Matches
269	Nicolas Janvier	fr FRA	MF	Alanyaspor	27-272	1998	17.0	1	22	6	27.3	1.29	0.35	0.05	0.17	0	0	Matches
270	Jeferson Jeh	br BRA	FW	Göztepe	26-198	1999	5.2	2	29	10	34.5	5.59	1.93	0.03	0.10	1	1	Matches
271	Marko Jevtović	rs SRB	MF,DF	Konyaspor	32-290	1993	13.1	0	14	4	28.6	1.07	0.31	0.00	0.00	0	0	Matches
272	Jo Jinho	kr KOR	MF,DF	Konyaspor	22-304	2003	11.3	1	13	5	38.5	1.15	0.44	0.08	0.20	0	0	Matches
273	Daniel Johnson	jm JAM	MF	Fatih Karagümrük	33-214	1992	11.3	1	6	2	33.3	0.53	0.18	0.17	0.50	0	0	Matches
274	Aleksandar Jovanović	rs SRB	GK	Kocaelispor	33-155	1992	17.5	0	0	0		0.00	0.00			0	0	Matches
275	Gideon Jung	de GER	MF,DF	Kayserispor	31-240	1994	3.4	0	1	0	0.0	0.30	0.00	0.00		0	0	Matches
Rk	Player	Nation	Pos	Squad	Age	Born	90s	Gls	Sh	SoT	SoT%	Sh/90	SoT/90	G/Sh	G/SoT	PK	PKatt	Matches
276	David Jurásek	cz CZE	DF	Beşiktaş	25-276	2000	7.1	0	1	0	0.0	0.14	0.00	0.00		0	0	Matches
277	Václav Jurečka	cz CZE	FW,MF	Rizespor	31-318	1994	5.2	1	11	4	36.4	2.12	0.77	0.09	0.25	0	0	Matches
278	Uğur Kaan Yıldız	tr TUR	DF	Göztepe	23-277	2002	0.7	0	1	1	100.0	1.41	1.41	0.00	0.00	0	0	Matches
279	Yusuf Kabadayı	de GER	MF,FW	Gaziantep FK	22-097	2004	6.8	1	13	5	38.5	1.91	0.74	0.08	0.20	0	0	Matches
280	Melih Kabasakal		MF,DF	Gaziantep FK	30-081	1996	15.6	1	4	2	50.0	0.26	0.13	0.25	0.50	0	0	Matches
281	Melih Kabasakal		MF	Eyüpspor	30-081	1996	1.2	0	0	0		0.00	0.00			0	0	Matches
282	Muhammed Kadıoğlu	tr TUR	DF	Fatih Karagümrük	19-129	2007	6.6	0	3	1	33.3	0.46	0.15	0.00	0.00	0	0	Matches
283	İrfan Kahveci	tr TUR	MF	Fenerbahçe	30-299	1995	3.2	0	9	2	22.2	2.84	0.63	0.00	0.00	0	0	Matches
284	İrfan Kahveci	tr TUR	MF	Kasımpaşa	30-299	1995	14.2	2	20	8	40.0	1.41	0.56	0.10	0.25	0	0	Matches
285	Barış Kalayci	tr TUR	MF	Fatih Karagümrük	20-253	2005	13.6	1	28	10	35.7	2.06	0.74	0.04	0.10	0	0	Matches
286	Ali Kalın		FW	Gaziantep FK	18-048	2008	0.4	0	1	0	0.0	2.50	0.00	0.00		0	0	Matches
287	Tarık Kalpaklı	tr TUR	MF	Fatih Karagümrük	17-034	2009	3.1	0	6	1	16.7	1.94	0.32	0.00	0.00	0	0	Matches
288	Kubilay Kanatsızkuş	tr TUR	FW	Kasımpaşa	29-043	1997	6.8	1	12	2	16.7	1.76	0.29	0.08	0.50	0	0	Matches
289	N'Golo Kanté	fr FRA	MF	Fenerbahçe	35-042	1991	11.7	2	8	2	25.0	0.69	0.17	0.25	1.00	0	0	Matches
290	Burak Kapacak	tr TUR	DF	Kayserispor	26-153	1999	3.3	0	2	1	50.0	0.61	0.31	0.00	0.00	0	0	Matches
291	Efecan Karaca	tr TUR	FW,MF	Alanyaspor	36-175	1989	5.6	0	0	0		0.00	0.00			0	0	Matches
292	Samet Karakoç	az AZE	MF,DF	Antalyaspor	23-200	2002	6.7	0	5	0	0.0	0.75	0.00	0.00		0	0	Matches
293	Haydar Karataş	tr TUR	MF	Fenerbahçe	19-058	2007	0.0	0	0	0		0.00	0.00			0	0	Matches
294	Kazımcan Karataş	tr TUR	DF	Başakşehir	23-114	2003	6.8	0	8	3	37.5	1.17	0.44	0.00	0.00	0	0	Matches
295	Kazımcan Karataş	tr TUR	DF	Galatasaray	23-114	2003	4.9	0	2	0	0.0	0.41	0.00	0.00		0	0	Matches
296	Ali Karimi	ir IRN	MF	Kayserispor	32-088	1994	0.5	0	0	0		0.00	0.00			0	0	Matches
297	Jadel Katongo	zm ZAM	DF	Kayserispor	21-238	2004	6.1	0	4	1	25.0	0.66	0.16	0.00	0.00	0	0	Matches
298	İbrahim Kaya		MF,FW	Alanyaspor	25-062	2001	12.7	6	35	14	40.0	2.75	1.10	0.14	0.36	1	1	Matches
299	Kerem Kayaarası	tr TUR	FW	Antalyaspor	20-053	2006	0.0	0	0	0		0.00	0.00			0	0	Matches
300	Yalçın Kayan	tr TUR	MF	Eyüpspor	27-100	1999	9.7	0	9	6	66.7	0.92	0.62	0.00	0.00	0	0	Matches
Rk	Player	Nation	Pos	Squad	Age	Born	90s	Gls	Sh	SoT	SoT%	Sh/90	SoT/90	G/Sh	G/SoT	PK	PKatt	Matches
301	Yalçın Kayan	tr TUR	MF	Samsunspor	27-100	1999	8.3	0	9	2	22.2	1.09	0.24	0.00	0.00	0	0	Matches
302	Jakub Kałuziński	pl POL	MF	Başakşehir	23-191	2002	3.6	0	5	3	60.0	1.40	0.84	0.00	0.00	0	0	Matches
303	Jakub Kałuziński	pl POL	MF	Antalyaspor	23-191	2002	2.4	0	2	1	50.0	0.83	0.42	0.00	0.00	0	0	Matches
304	Habib Keita	ml MLI	MF	Kocaelispor	24-094	2002	22.3	1	22	2	9.1	0.99	0.09	0.05	0.50	0	0	Matches
305	Can Keles	at AUT	FW,MF	Kocaelispor	24-250	2001	9.6	0	17	4	23.5	1.78	0.42	0.00	0.00	0	0	Matches
306	Thalisson Kelven	br BRA	DF	Gençlerbirliği	28-003	1998	28.1	2	11	6	54.5	0.39	0.21	0.18	0.33	0	0	Matches
307	Olivier Kemen	cm CMR	MF	Başakşehir	29-294	1996	24.5	0	39	9	23.1	1.59	0.37	0.00	0.00	0	0	Matches
308	Enes Keskin		MF	Alanyaspor	24-340	2001	7.6	0	9	4	44.4	1.19	0.53	0.00	0.00	0	0	Matches
309	Abdou Khadre Sy	sn SEN	FW	Eyüpspor	18-146	2007	0.2	0	0	0		0.00	0.00			0	0	Matches
310	Emre Kılınç	tr TUR	MF,FW	Samsunspor	31-260	1994	13.2	1	22	6	27.3	1.67	0.45	0.05	0.17	0	0	Matches
311	Arda Kızıldağ	tr TUR	DF	Gaziantep FK	27-207	1998	19.6	1	13	4	30.8	0.66	0.20	0.08	0.25	0	0	Matches
312	Arif Kocaman		DF	Kayserispor	22-238	2003	2.5	0	2	1	50.0	0.79	0.40	0.00	0.00	0	0	Matches
313	Okan Kocuk	tr TUR	GK	Samsunspor	30-287	1995	30.0	0	0	0		0.00	0.00			0	0	Matches
314	Sekou Koita	ml MLI	MF,FW	Gençlerbirliği	26-163	1999	19.1	6	39	14	35.9	2.04	0.73	0.15	0.43	0	0	Matches
315	Orkun Kökçü	tr TUR	MF	Beşiktaş	25-132	2000	26.5	8	84	31	36.9	3.17	1.17	0.07	0.19	2	2	Matches
316	Abdul Kone	ci CIV	FW	Fatih Karagümrük	18-131	2007	0.5	0	1	1	100.0	2.09	2.09	0.00	0.00	0	0	Matches
317	Nurettin Korkmaz	tr TUR	DF	Kayserispor	23-317	2002	1.8	0	1	1	100.0	0.54	0.54	0.00	0.00	0	0	Matches
318	İsmail Köybaşı	tr TUR	DF	Göztepe	36-304	1989	0.8	0	1	1	100.0	1.22	1.22	0.00	0.00	0	0	Matches
319	Kacper Kozłowski	pl POL	MF,FW	Gaziantep FK	22-206	2003	28.4	6	42	17	40.5	1.48	0.60	0.14	0.35	0	0	Matches
320	Blaž Kramer	si SVN	FW	Konyaspor	29-343	1996	7.4	5	16	12	75.0	2.17	1.63	0.31	0.42	0	0	Matches
321	Matías Kranevitter	ar ARG	MF	Fatih Karagümrük	32-354	1993	18.7	1	8	2	25.0	0.43	0.11	0.13	0.50	0	0	Matches
322	Filip Krastev	bg BUL	MF	Göztepe	24-207	2001	5.4	0	11	2	18.2	2.02	0.37	0.00	0.00	0	0	Matches
323	Enver Kulasin	ba BIH	MF	Gaziantep FK	22-241	2003	1.5	0	2	1	50.0	1.34	0.67	0.00	0.00	0	0	Matches
324	Arda Kurtulan	al ALB	MF	Göztepe	23-172	2002	26.0	4	22	6	27.3	0.85	0.23	0.18	0.67	0	0	Matches
325	Fatih Kuruçuk	tr TUR	DF	Fatih Karagümrük	28-109	1998	2.5	0	0	0		0.00	0.00			0	0	Matches
Rk	Player	Nation	Pos	Squad	Age	Born	90s	Gls	Sh	SoT	SoT%	Sh/90	SoT/90	G/Sh	G/SoT	PK	PKatt	Matches
326	Çağtay Kurukalıp	tr TUR	DF	Fatih Karagümrük	24-075	2002	13.2	0	5	1	20.0	0.38	0.08	0.00	0.00	0	0	Matches
327	Berkan Kutlu	tr TUR	MF	Galatasaray	28-105	1998	0.7	0	2	1	50.0	2.77	1.38	0.00	0.00	0	0	Matches
328	Berkan Kutlu	tr TUR	MF,DF	Konyaspor	28-105	1998	11.7	2	13	6	46.2	1.11	0.51	0.15	0.33	0	0	Matches
329	Ahmed Kutucu	tr TUR	FW,MF	Galatasaray	26-070	2000	0.9	0	6	1	16.7	6.67	1.11	0.00	0.00	0	0	Matches
330	Moussa Kyabou	ml MLI	MF	Gençlerbirliği	28-022	1998	1.6	0	0	0		0.00	0.00			0	0	Matches
331	Qazim Laçi	al ALB	MF	Rizespor	30-111	1996	28.8	7	55	17	30.9	1.91	0.59	0.07	0.24	3	3	Matches
332	Mohamed Lamine Bayo	gn GUI	FW	Gaziantep FK	27-340	1998	25.0	15	66	29	43.9	2.64	1.16	0.23	0.52	0	1	Matches
333	Noa Lang	nl NED	MF	Galatasaray	26-327	1999	6.8	0	14	5	35.7	2.06	0.73	0.00	0.00	0	0	Matches
334	Sam Larsson	se SWE	MF,FW	Fatih Karagümrük	33-030	1993	16.3	1	29	10	34.5	1.78	0.61	0.00	0.00	1	1	Matches
335	Mario Lemina	ga GAB	MF,DF	Galatasaray	32-251	1993	18.7	2	23	8	34.8	1.23	0.43	0.09	0.25	0	0	Matches
336	Igor Lichnovsky	cl CHI	DF	Fatih Karagümrük	32-064	1994	13.0	0	4	0	0.0	0.31	0.00	0.00		0	0	Matches
337	Nuno Lima	pt POR	DF	Alanyaspor	25-055	2001	30.3	1	18	3	16.7	0.59	0.10	0.06	0.33	0	0	Matches
338	Karol Linetty	pl POL	MF	Kocaelispor	31-097	1995	16.9	0	22	10	45.5	1.30	0.59	0.00	0.00	0	0	Matches
339	Mateusz Lis	pl POL	GK	Göztepe	29-072	1997	33.0	0	0	0		0.00	0.00			0	0	Matches
340	Dominik Livaković	hr CRO	GK	Fenerbahçe	31-121	1995	1.0	0	0	0		0.00	0.00			0	0	Matches
341	Guilherme Luiz	br BRA	FW	Göztepe	21-015	2005	2.1	0	1	0	0.0	0.48	0.00	0.00		0	0	Matches
342	Christopher Lungoyi	ch SUI	MF,FW	Gaziantep FK	25-310	2000	19.1	2	43	15	34.9	2.25	0.79	0.05	0.13	0	0	Matches
343	Mathias Løvik	no NOR	DF	Trabzonspor	22-155	2003	7.2	0	1	0	0.0	0.14	0.00	0.00		0	0	Matches
344	Salem M'bakata	cd COD	DF	Gaziantep FK	28-021	1998	0.4	0	0	0		0.00	0.00			0	0	Matches
345	Maestro	ao ANG	MF	Alanyaspor	22-279	2003	14.9	1	20	2	10.0	1.34	0.13	0.05	0.50	0	0	Matches
346	Denis Makarov	ru RUS	MF	Kayserispor	28-081	1998	6.8	0	26	12	46.2	3.82	1.76	0.00	0.00	0	0	Matches
347	Antoine Makoumbou	cg CGO	MF	Samsunspor	27-296	1998	24.6	1	13	4	30.8	0.53	0.16	0.08	0.25	0	0	Matches
348	Gaius Makouta	cg CGO	MF	Alanyaspor	28-289	1997	28.7	1	23	4	17.4	0.80	0.14	0.04	0.25	0	0	Matches
349	Salih Malkoçoglu		DF	Trabzonspor	21-076	2005	2.1	0	0	0		0.00	0.00			0	0	Matches
350	Carlos Mané	gw GNB	MF	Kayserispor	32-060	1994	11.6	0	9	5	55.6	0.78	0.43	0.00	0.00	0	0	Matches
Rk	Player	Nation	Pos	Squad	Age	Born	90s	Gls	Sh	SoT	SoT%	Sh/90	SoT/90	G/Sh	G/SoT	PK	PKatt	Matches
351	Ismaila Manga	sn SEN	MF	Eyüpspor	18-360	2007	0.3	0	0	0		0.00	0.00			0	0	Matches
352	João Mário	pt POR	MF	Beşiktaş	33-111	1993	1.2	0	2	1	50.0	1.70	0.85	0.00	0.00	0	0	Matches
353	Sam Mather	eng ENG	FW	Kayserispor	21-249	2004	0.6	0	0	0		0.00	0.00			0	0	Matches
354	Alexandru Maxim	ro ROU	MF,FW	Gaziantep FK	35-306	1990	28.8	5	44	14	31.8	1.53	0.49	0.02	0.07	4	4	Matches
355	Dire Mebude	sct SCO	MF,FW	Rizespor	21-347	2004	7.2	2	14	9	64.3	1.93	1.24	0.14	0.22	0	0	Matches
356	João Mendes	pt POR	MF	Kayserispor	31-201	1994	16.3	0	24	3	12.5	1.47	0.18	0.00	0.00	0	0	Matches
357	Joe Mendes	se SWE	MF,DF	Samsunspor	23-130	2002	13.6	0	8	1	12.5	0.59	0.07	0.00	0.00	0	0	Matches
358	Ryan Mendes	cv CPV	FW	Kocaelispor	36-122	1990	3.0	0	7	1	14.3	2.32	0.33	0.00	0.00	0	0	Matches
359	Batista Mendy	fr FRA	DF,MF	Trabzonspor	26-118	2000	0.6	0	1	0	0.0	1.80	0.00	0.00		0	0	Matches
360	Umut Meraş	tr TUR	DF	Eyüpspor	30-141	1995	19.3	0	11	1	9.1	0.57	0.05	0.00	0.00	0	0	Matches
361	Levent Mercan	de GER	DF	Fenerbahçe	25-151	2000	12.6	0	11	1	9.1	0.87	0.08	0.00	0.00	0	0	Matches
362	Valentin Mihaila	ro ROU	MF,FW	Rizespor	26-097	2000	13.8	5	36	14	38.9	2.60	1.01	0.14	0.36	0	0	Matches
363	Metehan Mimaroğlu		MF,FW	Gençlerbirliği	31-307	1994	20.8	5	45	15	33.3	2.16	0.72	0.09	0.27	1	2	Matches
364	Filip Mladenović	rs SRB	DF	Fatih Karagümrük	34-268	1991	9.4	1	5	1	20.0	0.53	0.11	0.20	1.00	0	0	Matches
365	Attila Mocsi	hu HUN	DF	Rizespor	25-346	2000	18.5	2	5	2	40.0	0.27	0.11	0.40	1.00	0	0	Matches
366	Baran Mogultay	de GER	MF	Alanyaspor	21-357	2004	1.1	0	0	0		0.00	0.00			0	0	Matches
367	Musah Mohammed	gh GHA	MF	Göztepe	24-125	2002	2.4	0	1	1	100.0	0.42	0.42	0.00	0.00	0	0	Matches
368	Marius Mouandilmadji	td CHA	FW	Samsunspor	28-108	1998	21.8	9	53	22	41.5	2.43	1.01	0.15	0.36	1	1	Matches
369	Steve Mounié	bj BEN	FW	Alanyaspor	31-223	1994	7.9	2	30	8	26.7	3.80	1.01	0.07	0.25	0	0	Matches
370	Ernest Muçi	al ALB	MF	Beşiktaş	25-052	2001	0.6	0	0	0		0.00	0.00			0	0	Matches
371	Ernest Muçi	al ALB	MF	Trabzonspor	25-052	2001	20.0	11	76	29	38.2	3.81	1.45	0.12	0.31	2	2	Matches
372	Arbnor Muja	al ALB	MF	Samsunspor	27-162	1998	0.6	0	1	0	0.0	1.80	0.00	0.00		0	0	Matches
373	Nihad Mujakić	ba BIH	DF	Gaziantep FK	28-025	1998	8.5	0	1	1	100.0	0.12	0.12	0.00	0.00	0	0	Matches
374	Nihad Mujakić	ba BIH	DF	Eyüpspor	28-025	1998	15.0	0	0	0		0.00	0.00			0	0	Matches
375	Atakan Müjde		MF	Kasımpaşa	23-105	2003	1.7	0	0	0		0.00	0.00			0	0	Matches
Rk	Player	Nation	Pos	Squad	Age	Born	90s	Gls	Sh	SoT	SoT%	Sh/90	SoT/90	G/Sh	G/SoT	PK	PKatt	Matches
376	Mert Müldür	tr TUR	DF	Fenerbahçe	27-037	1999	12.9	1	11	2	18.2	0.86	0.16	0.09	0.50	0	0	Matches
377	Jackson Muleka	cd COD	MF,FW	Konyaspor	26-218	1999	24.7	6	69	25	36.2	2.80	1.01	0.07	0.20	1	1	Matches
378	Anthony Musaba	nl NED	MF	Samsunspor	25-155	2000	13.0	4	40	10	25.0	3.08	0.77	0.10	0.40	0	0	Matches
379	Anthony Musaba	nl NED	MF	Fenerbahçe	25-155	2000	8.4	1	16	4	25.0	1.90	0.48	0.06	0.25	0	0	Matches
380	Adamo Nagalo	bf BFA	DF	Konyaspor	23-230	2002	6.6	0	3	0	0.0	0.45	0.00	0.00		0	0	Matches
381	Michał Nalepa	pl POL	MF,FW	Gençlerbirliği	31-047	1995	2.9	0	2	1	50.0	0.69	0.35	0.00	0.00	0	0	Matches
382	Umut Nayir	tr TUR	FW	Trabzonspor	32-316	1993	3.4	1	8	2	25.0	2.35	0.59	0.13	0.50	0	0	Matches
383	Umut Nayir	tr TUR	FW	Konyaspor	32-316	1993	18.5	8	47	17	36.2	2.54	0.92	0.15	0.41	1	1	Matches
384	Alassane Ndao	sn SEN	MF,FW	Konyaspor	29-141	1996	8.8	2	16	4	25.0	1.82	0.46	0.13	0.50	0	0	Matches
385	Badou Ndiaye	sn SEN	MF	Gaziantep FK	35-195	1990	4.7	0	5	1	20.0	1.07	0.21	0.00	0.00	0	0	Matches
386	Cherif Ndiaye	sn SEN	FW,MF	Samsunspor	30-107	1996	15.8	7	30	12	40.0	1.90	0.76	0.23	0.58	0	0	Matches
387	Wilfred Ndidi	ng NGA	MF	Beşiktaş	29-145	1996	21.7	2	30	10	33.3	1.38	0.46	0.07	0.20	0	0	Matches
388	Renato Nhaga	gw GNB	MF	Galatasaray	19-044	2007	0.5	1	1	1	100.0	2.14	2.14	1.00	1.00	0	0	Matches
389	M'Baye Niang	sn SEN	FW	Gençlerbirliği	31-142	1994	19.3	4	47	13	27.7	2.43	0.67	0.04	0.15	2	2	Matches
390	Rob Nizet	be BEL	DF	Gaziantep FK	24-026	2002	0.2	0	0	0		0.00	0.00			0	0	Matches
391	Joseph Nonge	be BEL	MF,FW	Kocaelispor	20-360	2005	12.7	0	9	1	11.1	0.71	0.08	0.00	0.00	0	0	Matches
392	Olivier Ntcham	cm CMR	MF	Samsunspor	30-090	1996	17.1	2	42	11	26.2	2.45	0.64	0.02	0.09	1	2	Matches
393	Chibuike Nwaiwu	ng NGA	DF	Trabzonspor	22-291	2003	14.5	3	14	5	35.7	0.96	0.34	0.21	0.60	0	0	Matches
394	Anthony Nwakaeme	ng NGA	MF	Trabzonspor	37-050	1989	6.4	0	8	1	12.5	1.24	0.16	0.00	0.00	0	0	Matches
395	Prince Obeng Ampem	gh GHA	MF	Eyüpspor	28-027	1998	7.1	2	20	7	35.0	2.80	0.98	0.10	0.29	0	0	Matches
396	Uchenna Ogundu	ng NGA	FW	Alanyaspor	19-363	2006	10.9	2	24	8	33.3	2.20	0.73	0.08	0.25	0	0	Matches
397	Ahmet Oğuz	tr TUR	DF	Kocaelispor	33-114	1993	23.3	0	10	2	20.0	0.43	0.09	0.00	0.00	0	0	Matches
398	Kazeem Olaigbe	be BEL	MF	Konyaspor	23-128	2003	10.5	0	18	5	27.8	1.72	0.48	0.00	0.00	0	0	Matches
399	Kazeem Olaigbe	be BEL	MF	Trabzonspor	23-128	2003	12.1	0	28	9	32.1	2.32	0.75	0.00	0.00	0	0	Matches
400	Junior Olaitan	bj BEN	MF	Beşiktaş	24-001	2002	12.7	2	27	6	22.2	2.12	0.47	0.07	0.33	0	0	Matches
Rk	Player	Nation	Pos	Squad	Age	Born	90s	Gls	Sh	SoT	SoT%	Sh/90	SoT/90	G/Sh	G/SoT	PK	PKatt	Matches
401	Junior Olaitan	bj BEN	MF	Göztepe	24-001	2002	10.0	2	39	15	38.5	3.88	1.49	0.05	0.13	0	0	Matches
402	Ibrahim Olawoyin	ng NGA	MF	Rizespor	28-160	1997	21.8	1	23	5	21.7	1.05	0.23	0.04	0.20	0	0	Matches
403	Abdülkadir Ömür	tr TUR	MF	Antalyaspor	26-319	1999	13.7	0	14	9	64.3	1.02	0.66	0.00	0.00	0	0	Matches
404	André Onana	cm CMR	GK	Trabzonspor	30-038	1996	28.1	0	0	0		0.00	0.00			0	0	Matches
405	Jérôme Onguéné	cm CMR	DF	Eyüpspor	28-139	1997	8.6	0	2	1	50.0	0.23	0.12	0.00	0.00	0	0	Matches
406	Paul Onuachu	ng NGA	FW	Trabzonspor	31-347	1994	27.0	22	84	43	51.2	3.11	1.59	0.19	0.37	6	7	Matches
407	German Onugkha	ru RUS	FW	Kayserispor	29-308	1996	21.0	8	55	21	38.2	2.62	1.00	0.15	0.38	0	0	Matches
408	Samed Onur	tr TUR	MF	Gençlerbirliği	23-299	2002	6.8	0	10	3	30.0	1.48	0.44	0.00	0.00	0	0	Matches
409	Henry Onyekuru	ng NGA	MF	Gençlerbirliği	28-339	1997	3.5	0	3	2	66.7	0.87	0.58	0.00	0.00	0	1	Matches
410	Jayden Oosterwolde	nl NED	DF	Fenerbahçe	25-014	2001	28.7	0	14	4	28.6	0.49	0.14	0.00	0.00	0	0	Matches
411	Christopher Operi	ci CIV	DF	Başakşehir	29-011	1997	20.2	0	13	2	15.4	0.64	0.10	0.00	0.00	0	0	Matches
412	Aaron Opoku	de GER	DF,MF	Kayserispor	27-043	1999	13.7	0	13	3	23.1	0.95	0.22	0.00	0.00	0	0	Matches
413	Jerome Opoku	gh GHA	DF	Başakşehir	27-208	1998	29.4	0	16	2	12.5	0.54	0.07	0.00	0.00	0	0	Matches
414	Nicholas Opoku	gh GHA	DF	Kasımpaşa	28-183	1997	26.1	0	6	1	16.7	0.23	0.04	0.00	0.00	0	0	Matches
415	Furkan Orak		DF	Rizespor	24-347	2001	0.1	0	0	0		0.00	0.00			0	0	Matches
416	Emir Ortakaya	tr TUR	DF	Eyüpspor	21-322	2004	8.1	0	3	0	0.0	0.37	0.00	0.00		0	0	Matches
417	Emir Ortakaya	tr TUR	DF	Rizespor	21-322	2004	0.5	0	0	0		0.00	0.00			0	0	Matches
418	Victor Osimhen	ng NGA	FW	Galatasaray	27-132	1998	19.0	15	96	40	41.7	5.06	2.11	0.14	0.33	2	2	Matches
419	Sinan Osmanoğlu	tr TUR	DF	Gençlerbirliği	36-121	1990	0.8	0	1	1	100.0	1.29	1.29	0.00	0.00	0	0	Matches
420	Berkay Özcan	tr TUR	MF	Fatih Karagümrük	28-084	1998	25.3	0	27	4	14.8	1.07	0.16	0.00	0.00	0	0	Matches
421	Yasin Özcan	tr TUR	DF	Beşiktaş	20-020	2006	1.0	0	0	0		0.00	0.00			0	0	Matches
422	Ogün Özçiçek		MF	Gaziantep FK	27-106	1999	12.9	0	3	0	0.0	0.23	0.00	0.00		0	0	Matches
423	Berat Özdemir	tr TUR	MF,DF	Başakşehir	27-352	1998	10.2	0	7	1	14.3	0.69	0.10	0.00	0.00	0	0	Matches
424	Yusuf Özdemir	tr TUR	MF	Alanyaspor	25-120	2001	10.1	1	7	4	57.1	0.70	0.40	0.14	0.25	0	0	Matches
425	Berke Özer	tr TUR	GK	Eyüpspor	25-350	2000	1.0	0	0	0		0.00	0.00			0	0	Matches
Rk	Player	Nation	Pos	Squad	Age	Born	90s	Gls	Sh	SoT	SoT%	Sh/90	SoT/90	G/Sh	G/SoT	PK	PKatt	Matches
426	Serhat Öztaşdelen		GK	Kocaelispor	21-152	2004	6.0	0	0	0		0.00	0.00			0	0	Matches
427	Bahadır Öztürk	tr TUR	DF	Antalyaspor	30-221	1995	3.8	0	1	1	100.0	0.26	0.26	0.00	0.00	0	0	Matches
428	Arda Özyar		FW	Kocaelispor	19-024	2007	0.2	0	0	0		0.00	0.00			0	0	Matches
429	Bedirhan Özyurt		DF	Eyüpspor	23-046	2003	9.1	0	5	0	0.0	0.55	0.00	0.00		0	0	Matches
430	Kenneth Paal	sr SUR	DF,MF	Antalyaspor	28-320	1997	31.0	0	8	1	12.5	0.26	0.03	0.00	0.00	0	0	Matches
431	Mithat Pala	tr TUR	DF,MF	Rizespor	25-268	2000	20.7	2	24	7	29.2	1.16	0.34	0.08	0.29	0	0	Matches
432	Giannis Papanikolaou	gr GRE	MF	Rizespor	27-173	1998	20.0	1	20	2	10.0	1.00	0.10	0.05	0.50	0	0	Matches
433	Gabriel Paulista	br BRA	DF	Beşiktaş	35-165	1990	9.6	0	8	2	25.0	0.83	0.21	0.00	0.00	0	0	Matches
434	Pedrinho	br BRA	MF	Konyaspor	29-142	1996	7.5	1	15	5	33.3	2.01	0.67	0.00	0.00	1	1	Matches
435	Pedro Pereira	pt POR	DF	Gençlerbirliği	28-108	1998	28.1	0	14	4	28.6	0.50	0.14	0.00	0.00	0	0	Matches
436	Luis Pérez	es ESP	MF,DF	Gaziantep FK	31-095	1995	18.4	0	6	1	16.7	0.33	0.05	0.00	0.00	0	0	Matches
437	Bruno Petković	hr CRO	FW	Kocaelispor	31-236	1994	14.8	7	25	12	48.0	1.69	0.81	0.20	0.42	2	2	Matches
438	Frantzdy Pierrot	ht HAI	FW	Rizespor	31-042	1995	1.4	0	5	1	20.0	3.66	0.73	0.00	0.00	0	0	Matches
439	Wagner Pina	cv CPV	DF	Trabzonspor	23-188	2002	26.2	0	10	3	30.0	0.38	0.11	0.00	0.00	0	0	Matches
440	Lenny Pintor	fr FRA	MF,FW	Eyüpspor	25-278	2000	8.2	0	12	1	8.3	1.46	0.12	0.00	0.00	0	0	Matches
441	Onurcan Piri	tr TUR	GK	Kayserispor	31-224	1994	4.0	0	0	0		0.00	0.00			0	0	Matches
442	Daniel Popa	ro ROU	FW	Gençlerbirliği	31-300	1994	0.7	0	0	0		0.00	0.00			0	0	Matches
443	Denis Radu	ro ROU	MF,FW	Eyüpspor	23-046	2003	6.4	0	4	0	0.0	0.63	0.00	0.00		0	0	Matches
444	Jesurun Rak Sakyi	eng ENG	MF	Rizespor	23-217	2002	9.0	4	19	8	42.1	2.12	0.89	0.21	0.50	0	0	Matches
445	Milot Rashica	xk KVX	MF	Beşiktaş	29-316	1996	11.0	1	23	6	26.1	2.10	0.55	0.04	0.17	0	0	Matches
446	Rhaldney	br BRA	MF	Göztepe	27-171	1998	12.0	1	15	5	33.3	1.25	0.42	0.07	0.20	0	0	Matches
447	Rigoberto Rivas	hn HON	MF,FW	Kocaelispor	27-283	1998	12.1	1	11	2	18.2	0.91	0.17	0.09	0.50	0	0	Matches
448	Enzo Roco	cl CHI	DF	Fatih Karagümrük	33-267	1992	6.4	0	1	0	0.0	0.16	0.00	0.00		0	0	Matches
449	Kévin Rodrigues	pt POR	DF,MF	Gaziantep FK	32-066	1994	24.4	2	26	7	26.9	1.07	0.29	0.08	0.29	0	0	Matches
450	Dorin Rotariu	ro ROU	FW,MF	Eyüpspor	30-285	1995	0.8	0	1	1	100.0	1.32	1.32	0.00	0.00	0	0	Matches
Rk	Player	Nation	Pos	Squad	Age	Born	90s	Gls	Sh	SoT	SoT%	Sh/90	SoT/90	G/Sh	G/SoT	PK	PKatt	Matches
451	Ruan	br BRA	MF	Alanyaspor	21-007	2005	23.9	1	38	17	44.7	1.59	0.71	0.03	0.06	0	0	Matches
452	Ruan	br BRA	MF	Göztepe	30-346	1995	1.3	0	0	0		0.00	0.00			0	0	Matches
453	Serdar Saatçı	tr TUR	DF	Trabzonspor	23-085	2003	2.1	0	1	0	0.0	0.48	0.00	0.00		0	0	Matches
454	Ibrahim Sabra	jo JOR	FW	Göztepe	20-098	2006	1.0	1	5	3	60.0	4.95	2.97	0.20	0.33	0	0	Matches
455	Christ Sadia	ci CIV	MF	Eyüpspor	19-029	2007	0.2	0	0	0		0.00	0.00			0	0	Matches
456	Ramzi Safouri	il ISR	MF	Antalyaspor	30-201	1995	19.1	1	18	5	27.8	0.94	0.26	0.06	0.20	0	0	Matches
457	Ahmet Sagat	de GER	FW	Kocaelispor	29-348	1996	0.0	0	0	0		0.00	0.00			0	0	Matches
458	Görkem Sağlam	de GER	MF	Kayserispor	28-029	1998	2.2	0	4	1	25.0	1.78	0.45	0.00	0.00	0	0	Matches
459	Modibo Sagnan	ml MLI	DF	Rizespor	27-026	1999	15.6	1	6	2	33.3	0.38	0.13	0.17	0.50	0	0	Matches
460	Devrim Şahin		MF	Beşiktaş	19-039	2007	1.8	0	4	1	25.0	2.22	0.56	0.00	0.00	0	0	Matches
461	Samuel Sáiz	es ESP	FW,MF	Eyüpspor	35-108	1991	0.0	0	0	0		0.00	0.00			0	0	Matches
462	Roland Sallai	hu HUN	DF,MF	Galatasaray	28-353	1997	25.9	1	38	13	34.2	1.47	0.50	0.03	0.08	0	0	Matches
463	Davinson Sánchez	co COL	DF	Galatasaray	29-332	1996	26.9	1	15	3	20.0	0.56	0.11	0.07	0.33	0	0	Matches
464	Leroy Sané	de GER	MF	Galatasaray	30-119	1996	24.3	7	46	14	30.4	1.89	0.58	0.15	0.50	0	0	Matches
465	Nazim Sangaré	tr TUR	DF	Gaziantep FK	31-345	1994	11.7	0	4	1	25.0	0.34	0.09	0.00	0.00	0	0	Matches
466	Juan Santos	br BRA	FW	Göztepe	24-065	2002	27.6	11	59	30	50.8	2.14	1.09	0.19	0.37	0	2	Matches
467	Gabriel Sara	br BRA	MF	Galatasaray	26-318	1999	20.4	5	35	13	37.1	1.72	0.64	0.14	0.38	0	0	Matches
468	Veysel Sarı	tr TUR	DF	Antalyaspor	37-289	1988	21.4	1	9	3	33.3	0.42	0.14	0.11	0.33	0	0	Matches
469	Yusuf Sari	tr TUR	MF	Başakşehir	27-171	1998	16.2	1	39	16	41.0	2.41	0.99	0.03	0.06	0	0	Matches
470	Talha Sarıarslan	tr TUR	FW	Kayserispor	22-112	2004	1.8	2	8	3	37.5	4.39	1.65	0.25	0.67	0	0	Matches
471	Dario Šarić	ba BIH	MF	Antalyaspor	28-345	1997	15.5	1	16	5	31.3	1.03	0.32	0.06	0.20	0	0	Matches
472	Ľubomír Šatka	sk SVK	DF	Samsunspor	30-159	1995	23.5	0	5	0	0.0	0.21	0.00	0.00		0	0	Matches
473	Stefan Savić	me MNE	DF	Trabzonspor	35-122	1991	19.5	1	6	2	33.3	0.31	0.10	0.17	0.50	0	0	Matches
474	Gökhan Sazdağı	tr TUR	DF	Beşiktaş	31-232	1994	14.5	0	8	1	12.5	0.55	0.07	0.00	0.00	0	0	Matches
475	Gökhan Sazdağı	tr TUR	DF	Kayserispor	31-232	1994	3.0	0	0	0		0.00	0.00			0	0	Matches
Rk	Player	Nation	Pos	Squad	Age	Born	90s	Gls	Sh	SoT	SoT%	Sh/90	SoT/90	G/Sh	G/SoT	PK	PKatt	Matches
476	Davie Selke	de GER	FW	Başakşehir	31-110	1995	13.0	9	35	17	48.6	2.69	1.30	0.20	0.41	2	2	Matches
477	Nélson Semedo	pt POR	DF	Fenerbahçe	32-175	1993	21.2	1	14	2	14.3	0.66	0.09	0.07	0.50	0	0	Matches
478	Ahmet Şen	tr TUR	GK	Galatasaray	27-096	1999	0.3	0	0	0		0.00	0.00			0	0	Matches
479	Muhammed Şengezer	tr TUR	GK	Başakşehir	29-125	1997	32.0	0	0	0		0.00	0.00			0	0	Matches
480	Tarkan Serbest	tr TUR	MF	Kocaelispor	32-008	1994	2.7	0	2	0	0.0	0.75	0.00	0.00		0	0	Matches
481	Svit Sešlar	si SVN	MF,FW	Eyüpspor	24-121	2002	6.2	1	8	3	37.5	1.30	0.49	0.13	0.33	0	0	Matches
482	Eldor Shomurodov	uz UZB	MF,FW	Başakşehir	30-315	1995	31.4	21	94	47	50.0	2.99	1.50	0.19	0.38	3	3	Matches
483	Show	ao ANG	MF	Kocaelispor	27-065	1999	24.7	0	19	2	10.5	0.77	0.08	0.00	0.00	0	0	Matches
484	Danylo Sikan	ua UKR	MF	Trabzonspor	25-024	2001	2.7	1	8	2	25.0	2.91	0.73	0.13	0.50	0	0	Matches
485	Jota Silva	pt POR	MF	Beşiktaş	26-282	1999	6.0	3	29	9	31.0	4.86	1.51	0.10	0.33	0	0	Matches
486	Rafa Silva	pt POR	MF	Beşiktaş	32-358	1993	9.1	5	24	13	54.2	2.65	1.43	0.21	0.38	0	0	Matches
487	Wilfried Singo	ci CIV	DF	Galatasaray	25-136	2000	9.6	2	10	2	20.0	1.05	0.21	0.20	1.00	0	0	Matches
488	Doğukan Sınık	tr TUR	MF	Antalyaspor	27-109	1999	9.3	0	25	4	16.0	2.68	0.43	0.00	0.00	0	0	Matches
489	Guilherme Sityá	pt POR	DF,MF	Konyaspor	36-039	1990	20.6	0	12	1	8.3	0.58	0.05	0.00	0.00	0	0	Matches
490	Ahmet Sivri		MF,FW	Fatih Karagümrük	26-308	1999	3.3	0	12	3	25.0	3.61	0.90	0.00	0.00	0	0	Matches
491	Milan Škriniar	sk SVK	DF	Fenerbahçe	31-088	1995	23.5	2	17	4	23.5	0.72	0.17	0.12	0.50	0	0	Matches
492	Hrvoje Smolčić	hr CRO	DF	Kocaelispor	25-266	2000	23.7	1	16	5	31.3	0.67	0.21	0.06	0.20	0	0	Matches
493	Deian Sorescu	ro ROU	MF,DF	Gaziantep FK	28-254	1997	16.3	3	36	9	25.0	2.21	0.55	0.06	0.22	1	2	Matches
494	Afonso Sousa	pt POR	MF	Samsunspor	26-007	2000	1.9	1	7	3	42.9	3.64	1.56	0.14	0.33	0	0	Matches
495	Ali Sowe	gm GAM	FW	Rizespor	31-330	1994	24.4	6	48	15	31.3	1.97	0.61	0.13	0.40	0	0	Matches
496	Furkan Soyalp	tr TUR	MF	Kayserispor	30-332	1995	19.7	1	24	10	41.7	1.22	0.51	0.04	0.10	0	0	Matches
497	Çağlar Söyüncü	tr TUR	DF	Fenerbahçe	29-352	1996	8.1	0	2	0	0.0	0.25	0.00	0.00		0	0	Matches
498	Andraž Šporar	si SVN	FW	Alanyaspor	32-072	1994	1.8	0	5	1	20.0	2.74	0.55	0.00	0.00	0	0	Matches
499	Marius Ştefănescu	ro ROU	MF	Konyaspor	27-269	1998	1.9	0	6	2	33.3	3.23	1.08	0.00	0.00	0	0	Matches
500	Taras Stepanenko	ua UKR	MF	Eyüpspor	36-275	1989	5.9	0	2	1	50.0	0.34	0.17	0.00	0.00	0	0	Matches
Rk	Player	Nation	Pos	Squad	Age	Born	90s	Gls	Sh	SoT	SoT%	Sh/90	SoT/90	G/Sh	G/SoT	PK	PKatt	Matches
501	Nikola Storm	be BEL	MF,FW	Antalyaspor	31-222	1994	17.5	4	34	19	55.9	1.95	1.09	0.12	0.21	0	0	Matches
502	Sander van de Streek	nl NED	FW,MF	Antalyaspor	33-047	1993	25.0	6	37	13	35.1	1.48	0.52	0.16	0.46	0	0	Matches
503	Mahamadou Susoho	es ESP	MF	Kocaelispor	21-110	2005	4.7	0	2	0	0.0	0.43	0.00	0.00		0	0	Matches
504	Sander Svendsen	no NOR	MF,FW	Konyaspor	28-277	1997	3.1	0	5	2	40.0	1.59	0.64	0.00	0.00	0	0	Matches
505	Jonas Svensson	no NOR	DF	Beşiktaş	33-065	1993	3.8	0	1	0	0.0	0.26	0.00	0.00		0	0	Matches
506	Oleksandr Syrota	ua UKR	DF	Kocaelispor	25-333	2000	4.0	0	0	0		0.00	0.00			0	0	Matches
507	Attila Szalai	hu HUN	DF	Kasımpaşa	28-110	1998	12.9	0	9	4	44.4	0.70	0.31	0.00	0.00	0	0	Matches
508	Sebastian Szymański	pl POL	MF	Fenerbahçe	27-000	1999	5.0	1	9	3	33.3	1.81	0.60	0.11	0.33	0	0	Matches
509	Muhammet Taha Şahin		DF,MF	Rizespor	25-200	2000	19.9	1	8	4	50.0	0.40	0.20	0.13	0.25	0	0	Matches
510	Tayyib Talha Sanuç	tr TUR	DF	Beşiktaş	26-144	1999	0.0	0	0	0		0.00	0.00			0	0	Matches
511	Tayyib Talha Sanuç	tr TUR	DF	Gaziantep FK	26-144	1999	14.8	0	7	1	14.3	0.47	0.07	0.00	0.00	0	0	Matches
512	Talisca	br BRA	MF,FW	Fenerbahçe	32-098	1994	21.6	19	115	48	41.7	5.32	2.22	0.12	0.29	5	8	Matches
513	Emre Taşdemir	tr TUR	DF	Kasımpaşa	30-275	1995	0.6	0	0	0		0.00	0.00			0	0	Matches
514	Ilter Tashkin	az AZE	MF	Eyüpspor	31-309	1994	11.1	0	7	3	42.9	0.63	0.27	0.00	0.00	0	0	Matches
515	Ertuğrul Taşkıran	tr TUR	GK	Alanyaspor	36-186	1989	20.0	0	0	0		0.00	0.00			0	0	Matches
516	Elayis Tavsan	nl NED	MF,FW	Samsunspor	25-010	2001	8.1	1	28	7	25.0	3.47	0.87	0.04	0.14	0	0	Matches
517	Serkan Terzi	tr TUR	DF	Beşiktaş	22-125	2004	0.2	0	0	0		0.00	0.00			0	0	Matches
518	Dorukhan Toköz	tr TUR	MF,DF	Kayserispor	29-354	1996	14.1	0	8	0	0.0	0.57	0.00	0.00		0	0	Matches
519	Logi Tómasson	is ISL	DF	Samsunspor	25-239	2000	25.1	1	18	5	27.8	0.72	0.20	0.06	0.20	0	0	Matches
520	Franco Tongya	it ITA	MF	Gençlerbirliği	24-058	2002	24.2	4	35	18	51.4	1.45	0.74	0.09	0.17	1	1	Matches
521	Emir Topçu	tr TUR	DF	Beşiktaş	25-211	2000	18.3	1	14	5	35.7	0.76	0.27	0.07	0.20	0	0	Matches
522	Lucas Torreira	uy URU	MF	Galatasaray	30-088	1996	24.6	3	22	8	36.4	0.89	0.33	0.14	0.38	0	0	Matches
523	Ángel Torres	co COL	MF,FW	Eyüpspor	26-034	2000	6.1	0	7	0	0.0	1.16	0.00	0.00		0	0	Matches
524	Cenk Tosun	tr TUR	FW,MF	Fenerbahçe	34-337	1991	0.7	0	1	0	0.0	1.38	0.00	0.00		0	0	Matches
525	Cenk Tosun	tr TUR	FW	Kasımpaşa	34-337	1991	4.1	1	7	1	14.3	1.71	0.24	0.14	1.00	0	0	Matches
Rk	Player	Nation	Pos	Squad	Age	Born	90s	Gls	Sh	SoT	SoT%	Sh/90	SoT/90	G/Sh	G/SoT	PK	PKatt	Matches
526	Adama Traoré	ml MLI	MF,FW	Gençlerbirliği	30-339	1995	11.0	1	19	4	21.1	1.73	0.36	0.05	0.25	0	0	Matches
527	Ahmed Traore	ci CIV	MF	Fatih Karagümrük	19-027	2007	3.6	1	9	3	33.3	2.48	0.83	0.11	0.33	0	0	Matches
528	Indrit Tuci	al ALB	FW,MF	Kayserispor	25-238	2000	8.2	3	31	12	38.7	3.80	1.47	0.10	0.25	0	0	Matches
529	Ozan Tufan	tr TUR	MF,DF	Trabzonspor	31-048	1995	14.9	1	12	4	33.3	0.80	0.27	0.08	0.25	0	0	Matches
530	Muhammet Tunahan Taşçı	tr TUR	MF	Konyaspor	24-011	2002	2.5	1	5	3	60.0	2.02	1.21	0.20	0.33	0	0	Matches
531	Hüseyin Türkmen	tr TUR	DF	Antalyaspor	28-129	1998	14.9	0	5	1	20.0	0.34	0.07	0.00	0.00	0	0	Matches
532	Deniz Turuc	tr TUR	MF	Konyaspor	33-101	1993	11.5	1	15	5	33.3	1.30	0.43	0.07	0.20	0	0	Matches
533	Deniz Turuc	tr TUR	MF	Başakşehir	33-101	1993	5.3	0	7	2	28.6	1.33	0.38	0.00	0.00	0	0	Matches
534	Salih Uçan	tr TUR	MF	Beşiktaş	32-124	1994	5.7	0	5	1	20.0	0.87	0.17	0.00	0.00	0	0	Matches
535	Nikoloz Ugrekhelidze	ge GEO	DF	Fatih Karagümrük	22-268	2003	2.0	0	1	0	0.0	0.50	0.00	0.00		0	0	Matches
536	Hwang Ui-jo	kr KOR	MF,FW	Alanyaspor	33-255	1992	26.5	4	42	15	35.7	1.59	0.57	0.10	0.27	0	0	Matches
537	Oğulcan Ülgün	tr TUR	MF	Gençlerbirliği	27-364	1998	16.9	4	25	9	36.0	1.48	0.53	0.16	0.44	0	0	Matches
538	Talha Ulvan	be BEL	DF	Eyüpspor	25-020	2001	12.3	1	14	4	28.6	1.14	0.33	0.07	0.25	0	0	Matches
539	Cengiz Ünder	tr TUR	MF	Beşiktaş	28-300	1997	12.4	5	41	18	43.9	3.30	1.45	0.10	0.22	1	2	Matches
540	Cengiz Ünder	tr TUR	FW,MF	Fenerbahçe	28-300	1997	0.1	0	0	0		0.00	0.00			0	0	Matches
541	Arda Ünyay	tr TUR	DF	Galatasaray	19-112	2007	1.5	0	1	0	0.0	0.68	0.00	0.00		0	0	Matches
542	Cem Üstündag	at AUT	MF	Kasımpaşa	25-110	2001	10.4	0	5	0	0.0	0.48	0.00	0.00		0	0	Matches
543	Necip Uysal	tr TUR	MF	Beşiktaş	35-106	1991	0.9	0	0	0		0.00	0.00			0	0	Matches
544	Fıratcan Üzüm		DF,MF	Gençlerbirliği	26-340	1999	3.8	0	2	0	0.0	0.52	0.00	0.00		0	0	Matches
545	Dal Varesanovic	ba BIH	MF	Rizespor	24-352	2001	0.6	1	2	1	50.0	3.33	1.67	0.50	1.00	0	0	Matches
546	Dal Varesanovic	ba BIH	MF	Gençlerbirliği	24-352	2001	3.2	0	2	0	0.0	0.62	0.00	0.00		0	0	Matches
547	Devis Vásquez	co COL	GK	Beşiktaş	27-363	1998	1.0	0	0	0		0.00	0.00			0	0	Matches
548	Ricardo Velho	pt POR	GK	Gençlerbirliği	27-263	1998	22.0	0	0	0		0.00	0.00			0	0	Matches
549	Daniele Verde	it ITA	MF	Fatih Karagümrük	29-324	1996	5.4	1	16	10	62.5	2.94	1.84	0.06	0.10	0	0	Matches
550	Bruno Viana	br BRA	DF	Alanyaspor	31-094	1995	3.4	0	1	0	0.0	0.29	0.00	0.00		0	0	Matches
Rk	Player	Nation	Pos	Squad	Age	Born	90s	Gls	Sh	SoT	SoT%	Sh/90	SoT/90	G/Sh	G/SoT	PK	PKatt	Matches
551	Paulo Victor Vidotti	br BRA	GK	Alanyaspor	39-118	1987	13.0	0	0	0		0.00	0.00			0	0	Matches
552	Edin Višća	ba BIH	MF	Trabzonspor	36-082	1990	2.1	0	7	2	28.6	3.33	0.95	0.00	0.00	0	0	Matches
553	Güray Vural	tr TUR	MF,FW	Antalyaspor	37-333	1988	3.1	2	10	5	50.0	3.27	1.64	0.20	0.40	0	0	Matches
554	Mateusz Wieteska	pl POL	DF	Kocaelispor	29-088	1997	0.2	0	0	0		0.00	0.00			0	0	Matches
555	Cláudio Winck	br BRA	DF	Kasımpaşa	32-025	1994	25.6	3	31	8	25.8	1.21	0.31	0.10	0.38	0	0	Matches
556	Eren Yağmur		FW	Konyaspor	19-062	2007	0.1	0	0	0		0.00	0.00			0	0	Matches
557	Güven Yalçın	tr TUR	FW,MF	Alanyaspor	27-112	1999	11.0	8	28	13	46.4	2.55	1.18	0.25	0.54	1	1	Matches
558	Robin Yalçın	de GER	DF	Eyüpspor	32-105	1994	18.1	0	3	1	33.3	0.17	0.06	0.00	0.00	0	0	Matches
559	Samet Yalçın		MF	Kocaelispor	32-068	1994	3.0	0	4	0	0.0	1.35	0.00	0.00		0	0	Matches
560	Polat Yaldır	tr TUR	FW	Samsunspor	22-358	2003	1.0	0	2	2	100.0	1.91	1.91	0.00	0.00	0	0	Matches
561	Karahan Yasir Subaşı	tr TUR	DF,MF	Konyaspor	30-129	1996	4.7	0	0	0		0.00	0.00			0	0	Matches
562	Zeki Yavru	tr TUR	DF	Samsunspor	34-247	1991	21.5	0	11	3	27.3	0.51	0.14	0.00	0.00	0	0	Matches
563	Arda Yavuz		DF	Eyüpspor	19-355	2006	0.8	0	0	0		0.00	0.00			0	0	Matches
564	Batuhan Yavuz	tr TUR	DF	Alanyaspor	21-006	2005	0.0	0	0	0		0.00	0.00			0	0	Matches
565	Ali Yavuz Kol	tr TUR	MF	Kasımpaşa	25-101	2001	8.0	0	26	3	11.5	3.25	0.38	0.00	0.00	0	0	Matches
566	Uğurcan Yazgılı	tr TUR	DF	Konyaspor	27-031	1999	22.2	0	16	2	12.5	0.72	0.09	0.00	0.00	0	0	Matches
567	Erdoğan Yeşilyurt		DF,MF	Antalyaspor	32-185	1993	4.3	0	6	2	33.3	1.38	0.46	0.00	0.00	0	0	Matches
568	Abdullah Yiğiter		GK	Antalyaspor	26-097	2000	13.0	0	0	0		0.00	0.00			0	0	Matches
569	Bertuğ Yıldırım	tr TUR	FW	Başakşehir	23-302	2002	6.2	7	18	10	55.6	2.89	1.60	0.39	0.70	0	0	Matches
570	Ege Yıldırım		DF	Göztepe	19-022	2007	0.1	0	0	0		0.00	0.00			0	0	Matches
571	Engin Yıldırım	tr TUR	FW	Antalyaspor	21-115	2005	1.8	0	3	1	33.3	1.71	0.57	0.00	0.00	0	0	Matches
572	Berk Yıldızlı		FW	Kasımpaşa	20-325	2005	0.0	0	0	0		0.00	0.00			0	0	Matches
573	Jankat Yilmaz	tr TUR	GK	Eyüpspor	21-267	2004	13.0	0	0	0		0.00	0.00			0	0	Matches
574	Kartal Yılmaz	tr TUR	MF	Beşiktaş	25-187	2000	5.8	0	7	1	14.3	1.22	0.17	0.00	0.00	0	0	Matches
575	Mert Yilmaz	tr TUR	DF,MF	Antalyaspor	27-063	1999	0.2	0	1	0	0.0	4.29	0.00	0.00		0	0	Matches
Rk	Player	Nation	Pos	Squad	Age	Born	90s	Gls	Sh	SoT	SoT%	Sh/90	SoT/90	G/Sh	G/SoT	PK	PKatt	Matches
576	Rıdvan Yılmaz	tr TUR	DF	Beşiktaş	24-354	2001	23.0	0	10	1	10.0	0.43	0.04	0.00	0.00	0	0	Matches
577	Okay Yokuşlu	tr TUR	MF,DF	Trabzonspor	32-062	1994	9.9	1	6	3	50.0	0.61	0.30	0.17	0.33	0	0	Matches
578	İsmail Yüksek	tr TUR	MF	Fenerbahçe	27-104	1999	18.6	1	29	7	24.1	1.56	0.38	0.03	0.14	0	0	Matches
579	Celil Yüksel	tr TUR	MF	Samsunspor	28-129	1998	12.8	0	18	2	11.1	1.40	0.16	0.00	0.00	0	0	Matches
580	Esat Yusuf Narin		MF	Kocaelispor	19-049	2007	0.0	0	1	0	0.0	30.00	0.00	0.00		0	0	Matches
581	Nicolò Zaniolo	it ITA	FW,MF	Galatasaray	26-312	1999	0.6	0	2	1	50.0	3.33	1.67	0.00	0.00	0	0	Matches
582	Altin Zeqiri	xk KVX	MF,FW	Rizespor	25-296	2000	7.8	1	13	6	46.2	1.66	0.77	0.08	0.17	0	0	Matches
583	Oleksandr Zubkov	ua UKR	MF	Trabzonspor	29-280	1996	24.1	4	71	18	25.4	2.94	0.75	0.06	0.22	0	0	Matches
584	Žan Žužek	si SVN	DF,MF	Gençlerbirliği	29-104	1997	29.4	2	21	5	23.8	0.71	0.17	0.10	0.40	0	0	Matches
585	Mateusz Łęgowski	pl POL	MF,FW	Eyüpspor	23-101	2003	16.4	1	11	3	27.3	0.67	0.18	0.09	0.33	0	0	Matches
