Playing Time;Performance;Per 90 Minutes;;;;;;;;;;;;;;;;;;;;;;
Rk;Player;Nation;Pos;Squad;Age;Born;MP;Starts;Min;90s;Gls;Ast;G+A;G-PK;PK;PKatt;CrdY;CrdR;Gls;Ast;G+A;G-PK;G+A-PK;Matches
1;Myenty Abena;sr SUR;DF;Gaziantep FK;31-142;1994;22;19;1,746;19.Nis;1;1;2;1;0;0;2;1;0.05;0.05;0.10;0.05;0.10;Matches
2;Tammy Abraham;eng ENG;FW;Beşiktaş;28-213;1997;18;15;1,247;13.Eyl;7;1;8;6;1;2;3;0;0.51;0.07;0.58;0.43;0.51;Matches
3;Yaw Ackah;gh GHA;MF;Kayserispor;26-336;1999;3;2;184;2.0;0;0;0;0;0;0;0;0;0.00;0.00;0.00;0.00;0.00;Matches
4;Emmanuel Agbadou;ci CIV;DF;Beşiktaş;28-320;1997;11;10;911;10.Oca;1;1;2;1;0;0;3;0;0.10;0.10;0.20;0.10;0.20;Matches
5;Dan Agyei;gh GHA;MF,FW;Kocaelispor;28-336;1997;28;20;1,874;20.Ağu;4;0;4;4;0;0;0;0;0.19;0.00;0.19;0.19;0.19;Matches
6;Youssef Aït Bennasser;ma MAR;MF,DF;Kayserispor;29-300;1996;20;18;1,378;15.Mar;0;0;0;0;0;0;7;0;0.00;0.00;0.00;0.00;0.00;Matches
7;Samet Akaydın;tr TUR;DF;Rizespor;32-051;1994;28;28;2,476;27.May;3;1;4;3;0;0;11;1;0.11;0.04;0.15;0.11;0.15;Matches
8;Emre Akbaba;tr TUR;MF,FW;Eyüpspor;33-211;1992;21;10;983;10.Eyl;3;0;3;2;1;1;3;0;0.27;0.00;0.27;0.18;0.18;Matches
9;Halil Akbunar;tr TUR;MF,FW;Eyüpspor;32-175;1993;12;6;507;5.Haz;2;0;2;2;0;0;1;0;0.36;0.00;0.36;0.36;0.36;Matches
10;Yusuf Akçiçek;tr TUR;DF;Fenerbahçe;20-098;2006;1;1;90;1.0;0;0;0;0;0;0;0;0;0.00;0.00;0.00;0.00;0.00;Matches
11;Ümit Akdag;ro ROU;DF;Alanyaspor;22-209;2003;29;29;2,531;28.Oca;1;2;3;1;0;0;7;0;0.04;0.07;0.11;0.04;0.11;Matches
12;Tuğbey Akgün;tr TUR;MF;Fatih Karagümrük;23-024;2003;1;0;5;0.1;0;0;0;0;0;0;0;0;0.00;0.00;0.00;0.00;0.00;Matches
13;Yunus Akgün;tr TUR;MF;Galatasaray;25-300;2000;27;22;1,723;19.Oca;7;9;16;7;0;0;1;0;0.37;0.47;0.84;0.37;0.84;Matches
14;Gökhan Akkan;tr TUR;GK;Gençlerbirliği;31-122;1995;4;4;360;4.0;0;0;0;0;0;0;1;0;0.00;0.00;0.00;0.00;0.00;Matches
15;Muhammet Akmelek;;FW;Gaziantep FK;16-331;2009;1;0;13;0.1;0;0;0;0;0;0;1;0;0.00;0.00;0.00;0.00;0.00;Matches
16;Fatih Aksoy;tr TUR;DF,MF;Alanyaspor;28-178;1997;17;8;750;8.Mar;0;0;0;0;0;0;3;0;0.00;0.00;0.00;0.00;0.00;Matches
17;Kerem Aktürkoğlu;tr TUR;MF,FW;Fenerbahçe;27-194;1998;27;22;1,77;19.Tem;6;5;11;5;1;1;3;0;0.31;0.25;0.56;0.25;0.51;Matches
18;Kaan Akyazi;;FW;Konyaspor;20-249;2005;5;0;25;0.3;0;0;0;0;0;0;0;0;0.00;0.00;0.00;0.00;0.00;Matches
19;Ufuk Akyol;de GER;MF;Konyaspor;28-249;1997;1;0;2;0.0;0;0;0;0;0;0;0;0;0.00;0.00;0.00;0.00;0.00;Matches
20;Enes Albak;tr TUR;DF;Samsunspor;20-352;2005;1;0;1;0.0;0;0;0;0;0;0;0;0;0.00;0.00;0.00;0.00;0.00;Matches
21;Danijel Aleksić;rs SRB;MF;Konyaspor;35-003;1991;3;3;195;2.Şub;1;0;1;1;0;0;0;0;0.46;0.00;0.46;0.46;0.46;Matches
22;Ömer Ali Şahiner;tr TUR;DF,MF;Başakşehir;34-121;1992;24;20;1,666;18.May;2;0;2;2;0;0;5;0;0.11;0.00;0.11;0.11;0.11;Matches
23;Xusniddin Aliqulov;uz UZB;DF;Rizespor;27-029;1999;7;5;426;4.Tem;0;0;0;0;0;0;4;0;0.00;0.00;0.00;0.00;0.00;Matches
24;Fidan Aliti;xk KVX;DF;Alanyaspor;32-212;1993;27;27;2,402;26.Tem;0;1;1;0;0;0;10;0;0.00;0.04;0.04;0.00;0.04;Matches
25;Jim Allevinah;ga GAB;MF;Kasımpaşa;31-065;1995;7;3;236;2.Haz;1;0;1;1;0;0;2;0;0.38;0.00;0.38;0.38;0.38;Matches
Rk;Player;Nation;Pos;Squad;Age;Born;MP;Starts;Min;90s;Gls;Ast;G+A;G-PK;PK;PKatt;CrdY;CrdR;Gls;Ast;G+A;G-PK;G+A-PK;Matches
26;Barış Alper Yılmaz;tr TUR;MF,FW;Galatasaray;25-345;2000;29;26;2,24;24.Eyl;8;10;18;5;3;3;7;0;0.32;0.40;0.72;0.20;0.60;Matches
27;Taha Altıkardeş;tr TUR;DF;Göztepe;22-254;2003;26;14;1,276;14.Şub;1;0;1;1;0;0;0;0;0.07;0.00;0.07;0.07;0.07;Matches
28;Metehan Altunbaş;tr TUR;MF,FW;Eyüpspor;23-116;2003;15;9;789;8.Ağu;5;0;5;4;1;1;4;0;0.57;0.00;0.57;0.46;0.46;Matches
29;Edson Álvarez;mx MEX;MF;Fenerbahçe;28-191;1997;12;10;762;8.May;0;1;1;0;0;0;4;0;0.00;0.12;0.12;0.00;0.12;Matches
30;Michael Amir Murillo;pa PAN;DF;Beşiktaş;30-081;1996;10;9;778;8.Haz;1;1;2;1;0;0;4;0;0.12;0.12;0.23;0.12;0.23;Matches
31;Sofyan Amrabat;ma MAR;MF;Fenerbahçe;29-255;1996;2;1;97;1.Oca;0;0;0;0;0;0;0;0;0.00;0.00;0.00;0.00;0.00;Matches
32;Charles André Raux;fr FRA;MF;Eyüpspor;24-169;2001;13;4;408;4.May;2;0;2;2;0;0;3;0;0.44;0.00;0.44;0.44;0.44;Matches
33;Yhoan Andzouana;cg CGO;DF,MF;Konyaspor;29-141;1996;29;27;2,435;27.Oca;2;4;6;2;0;0;3;0;0.07;0.15;0.22;0.07;0.22;Matches
34;Seyfettin Anıl Yaşar;tr TUR;DF;Eyüpspor;23-306;2002;5;4;355;3.Eyl;0;0;0;0;0;0;1;1;0.00;0.00;0.00;0.00;0.00;Matches
35;Taylan Antalyalı;tr TUR;MF;Rizespor;31-115;1995;26;13;1,126;12.May;0;0;0;0;0;0;4;0;0.00;0.00;0.00;0.00;0.00;Matches
36;Alexis Antunes;ch SUI;MF;Göztepe;25-276;2000;11;6;528;5.Eyl;1;0;1;1;0;0;2;0;0.17;0.00;0.17;0.17;0.17;Matches
37;Aaron Appindangoyé;ga GAB;DF;Kocaelispor;34-072;1992;4;4;315;3.May;0;0;0;0;0;0;0;0;0.00;0.00;0.00;0.00;0.00;Matches
38;Adam Arous;tn TUN;DF;Kasımpaşa;21-290;2004;18;16;1,4;15.Haz;1;0;1;1;0;0;1;0;0.06;0.00;0.06;0.06;0.06;Matches
39;Marco Asensio;es ESP;MF;Fenerbahçe;30-102;1996;24;22;1,86;20.Tem;11;12;23;11;0;0;2;0;0.53;0.58;1.Kas;0.53;1.Kas;Matches
40;Kristjan Asllani;al ALB;MF;Beşiktaş;24-055;2002;12;9;722;8.0;2;2;4;0;2;2;0;1;0.25;0.25;0.50;0.00;0.25;Matches
41;Yaser Asprilla;co COL;MF;Galatasaray;22-165;2003;7;1;159;1.Ağu;0;0;0;0;0;0;0;0;0.00;0.00;0.00;0.00;0.00;Matches
42;Kouadou Assoumou;fr FRA;MF,FW;Samsunspor;23-198;2002;6;5;366;4.Oca;1;0;1;1;0;0;0;0;0.25;0.00;0.25;0.25;0.25;Matches
43;Felipe Augusto;br BRA;MF,FW;Trabzonspor;22-074;2004;31;25;2,12;23.Haz;13;0;13;13;0;0;1;0;0.55;0.00;0.55;0.55;0.55;Matches
44;Loide Augusto;ao ANG;MF,FW;Rizespor;26-066;2000;19;14;1,081;12.0;3;2;5;3;0;0;5;0;0.25;0.17;0.42;0.25;0.42;Matches
45;Furkan Ayaz;;;Gençlerbirliği;16-214;2009;3;0;20;0.2;0;0;0;0;0;0;0;0;0.00;0.00;0.00;0.00;0.00;Matches
46;Eyüp Aydın;tr TUR;MF;Samsunspor;21-274;2004;6;4;326;3.Haz;0;0;0;0;0;0;1;0;0.00;0.00;0.00;0.00;0.00;Matches
47;Eyüp Aydın;tr TUR;MF;Kasımpaşa;21-274;2004;4;0;76;0.8;0;0;0;0;0;0;0;0;0.00;0.00;0.00;0.00;0.00;Matches
48;Oğuz Aydın;tr TUR;MF,DF;Fenerbahçe;25-188;2000;19;4;543;6.0;0;1;1;0;0;0;1;0;0.00;0.17;0.17;0.00;0.17;Matches
49;Taylan Aydın;tr TUR;DF;Kasımpaşa;20-082;2006;2;0;8;0.1;0;0;0;0;0;0;0;0;0.00;0.00;0.00;0.00;0.00;Matches
50;Soner Aydoğdu;tr TUR;MF;Samsunspor;35-118;1991;8;0;105;1.Şub;0;0;0;0;0;0;0;0;0.00;0.00;0.00;0.00;0.00;Matches
Rk;Player;Nation;Pos;Squad;Age;Born;MP;Starts;Min;90s;Gls;Ast;G+A;G-PK;PK;PKatt;CrdY;CrdR;Gls;Ast;G+A;G-PK;G+A-PK;Matches
51;Kaan Ayhan;tr TUR;DF;Galatasaray;31-174;1994;17;1;303;3.Nis;0;0;0;0;0;0;1;0;0.00;0.00;0.00;0.00;0.00;Matches
52;Ousseynou Ba;sn SEN;DF;Başakşehir;30-173;1995;15;9;989;11.0;0;0;0;0;0;0;7;1;0.00;0.00;0.00;0.00;0.00;Matches
53;Mame Baba Thiam;sn SEN;FW,MF;Eyüpspor;33-206;1992;14;13;1,178;13.Oca;2;0;2;2;0;0;4;0;0.15;0.00;0.15;0.15;0.15;Matches
54;Shavy Babicka;ga GAB;MF,FW;Fatih Karagümrük;25-336;2000;12;8;651;7.Şub;1;1;2;1;0;0;0;0;0.14;0.14;0.28;0.14;0.28;Matches
55;Juninho Bacuna;cw CUW;MF;Gaziantep FK;28-269;1997;9;2;219;2.Nis;0;0;0;0;0;0;1;0;0.00;0.00;0.00;0.00;0.00;Matches
56;Bünyamin Balcı;tr TUR;DF;Antalyaspor;25-337;2000;30;22;2,109;23.Nis;0;3;3;0;0;0;4;0;0.00;0.13;0.13;0.00;0.13;Matches
57;Jure Balkovec;si SVN;DF;Fatih Karagümrük;31-236;1994;17;17;1,511;16.Ağu;0;0;0;0;0;0;7;1;0.00;0.00;0.00;0.00;0.00;Matches
58;Samuel Ballet;ch SUI;MF,FW;Antalyaspor;25-052;2001;21;14;1,451;16.Oca;4;0;4;4;0;0;8;0;0.25;0.00;0.25;0.25;0.25;Matches
59;Botond Balogh;hu HUN;DF;Kocaelispor;23-331;2002;21;18;1,657;18.Nis;0;0;0;0;0;0;6;0;0.00;0.00;0.00;0.00;0.00;Matches
60;Metehan Baltacı;tr TUR;DF;Galatasaray;23-181;2002;2;0;26;0.3;0;0;0;0;0;0;0;0;0.00;0.00;0.00;0.00;0.00;Matches
61;Rayyan Baniya;;DF;Trabzonspor;27-074;1999;6;1;218;2.Nis;0;0;0;0;0;0;0;0;0.00;0.00;0.00;0.00;0.00;Matches
62;Rayyan Baniya;;DF;Konyaspor;27-074;1999;1;0;29;0.3;0;0;0;0;0;0;0;0;0.00;0.00;0.00;0.00;0.00;Matches
63;Yusuf Barasi;tr TUR;MF;Kasımpaşa;23-033;2003;8;3;275;3.Oca;0;0;0;0;0;0;2;0;0.00;0.00;0.00;0.00;0.00;Matches
64;Abdülkerim Bardakcı;tr TUR;DF;Galatasaray;31-238;1994;29;29;2,451;27.Şub;0;1;1;0;0;0;4;0;0.00;0.04;0.04;0.00;0.04;Matches
65;Enis Bardhi;mk MKD;MF;Konyaspor;30-305;1995;31;22;1,984;22.0;5;4;9;3;2;2;5;1;0.23;0.18;0.41;0.14;0.32;Matches
66;Boran Başkan;tr TUR;MF;Trabzonspor;20-035;2006;1;0;2;0.0;0;0;0;0;0;0;0;0;0.00;0.00;0.00;0.00;0.00;Matches
67;Arsenii Batahov;ua UKR;DF;Trabzonspor;24-059;2002;24;24;2,115;23.May;0;2;2;0;0;0;1;0;0.00;0.09;0.09;0.00;0.09;Matches
68;Bilal Bayazit;nl NED;GK;Kayserispor;27-025;1999;26;26;2,34;26.0;0;0;0;0;0;0;5;0;0.00;0.00;0.00;0.00;0.00;Matches
69;Furkan Bayır;tr TUR;DF;Göztepe;26-083;2000;9;4;338;3.Ağu;0;0;0;0;0;0;2;0;0.00;0.00;0.00;0.00;0.00;Matches
70;Ogün Bayrak;;MF,DF;Göztepe;27-205;1998;14;7;547;6.Oca;0;1;1;0;0;0;1;0;0.00;0.16;0.16;0.00;0.16;Matches
71;Riechedly Bazoer;cw CUW;DF;Konyaspor;29-203;1996;13;9;793;8.Ağu;0;0;0;0;0;0;4;0;0.00;0.00;0.00;0.00;0.00;Matches
72;Rodrigo Becão;br BRA;DF;Fenerbahçe;30-104;1996;1;0;7;0.1;0;0;0;0;0;0;0;0;0.00;0.00;0.00;0.00;0.00;Matches
73;Rodrigo Becão;br BRA;DF;Kasımpaşa;30-104;1996;11;11;932;10.Nis;0;1;1;0;0;0;3;1;0.00;0.10;0.10;0.00;0.10;Matches
74;Efkan Bekiroğlu;;MF;Göztepe;30-231;1995;25;14;1,062;11.Ağu;3;3;6;3;0;0;3;0;0.25;0.25;0.51;0.25;0.51;Matches
75;Mortadha Ben Ouanes;tn TUN;MF;Kasımpaşa;31-305;1994;25;24;2,108;23.Nis;2;5;7;2;0;0;7;1;0.09;0.21;0.30;0.09;0.30;Matches
Rk;Player;Nation;Pos;Squad;Age;Born;MP;Starts;Min;90s;Gls;Ast;G+A;G-PK;PK;PKatt;CrdY;CrdR;Gls;Ast;G+A;G-PK;G+A-PK;Matches
76;Adrian Benedyczak;pl POL;FW,MF;Kasımpaşa;25-160;2000;11;11;886;9.Ağu;6;1;7;4;2;2;0;0;0.61;0.10;0.71;0.41;0.51;Matches
77;László Bénes;sk SVK;MF;Kayserispor;28-236;1997;29;26;2,307;25.Haz;5;2;7;5;0;1;3;1;0.20;0.08;0.27;0.20;0.27;Matches
78;El Bilal Touré;ml MLI;MF,FW;Beşiktaş;24-212;2001;20;17;1,467;16.Mar;5;4;9;5;0;0;4;1;0.31;0.25;0.55;0.31;0.55;Matches
79;Tayfur Bingöl;tr TUR;MF,FW;Kocaelispor;33-112;1993;27;23;2,012;22.Nis;5;2;7;5;0;0;5;0;0.22;0.09;0.31;0.22;0.31;Matches
80;Davide Biraschi;it ITA;DF;Fatih Karagümrük;31-305;1994;11;11;874;9.Tem;0;0;0;0;0;0;1;0;0.00;0.00;0.00;0.00;0.00;Matches
81;Morten Bjørlo;no NOR;MF;Konyaspor;30-211;1995;27;14;1,303;14.May;0;3;3;0;0;0;4;0;0.00;0.21;0.21;0.00;0.21;Matches
82;Emmanuel Boateng;gh GHA;FW;Gaziantep FK;29-345;1996;11;4;472;5.Şub;1;0;1;1;0;0;2;0;0.19;0.00;0.19;0.19;0.19;Matches
83;Sacha Boey;fr FRA;DF;Galatasaray;25-232;2000;10;5;484;5.Nis;1;0;1;1;0;0;0;0;0.19;0.00;0.19;0.19;0.19;Matches
84;Malcom Bokélé;cm CMR;DF;Göztepe;26-080;2000;28;28;2,468;27.Nis;3;0;3;2;1;1;10;1;0.11;0.00;0.11;0.07;0.07;Matches
85;Yohan Boli;ci CIV;FW;Antalyaspor;32-167;1993;19;8;858;9.May;2;1;3;2;0;0;0;0;0.21;0.10;0.31;0.21;0.31;Matches
86;Toni Borevkovic;hr CRO;DF;Samsunspor;28-319;1997;17;10;1,069;11.Eyl;1;0;1;1;0;0;2;0;0.08;0.00;0.08;0.08;0.08;Matches
87;Arif Boşluk;;DF;Trabzonspor;22-331;2003;13;2;370;4.Oca;0;0;0;0;0;0;0;0;0.00;0.00;0.00;0.00;0.00;Matches
88;Arif Boşluk;;DF;Konyaspor;22-331;2003;10;7;592;6.Haz;0;0;0;0;0;0;3;0;0.00;0.00;0.00;0.00;0.00;Matches
89;Melih Bostan;tr TUR;FW;Konyaspor;22-025;2004;10;0;120;1.Mar;0;0;0;0;0;0;0;0;0.00;0.00;0.00;0.00;0.00;Matches
90;Salem Bouajila;fi FIN;FW;Göztepe;18-275;2007;4;0;17;0.2;0;0;0;0;0;0;1;0;0.00;0.00;0.00;0.00;0.00;Matches
91;Benjamin Bouchouari;ma MAR;MF;Trabzonspor;24-171;2001;15;4;440;4.Eyl;0;0;0;0;0;0;1;1;0.00;0.00;0.00;0.00;0.00;Matches
92;Umut Bozok;tr TUR;FW;Eyüpspor;29-226;1996;29;20;1,832;20.Nis;5;2;7;4;1;1;4;0;0.25;0.10;0.34;0.20;0.29;Matches
93;Joshua Brenet;cw CUW;DF,MF;Kayserispor;32-044;1994;10;8;708;7.Eyl;0;0;0;0;0;0;1;0;0.00;0.00;0.00;0.00;0.00;Matches
94;Ivan Brnić;hr CRO;MF;Başakşehir;24-253;2001;26;7;899;10.0;4;3;7;4;0;0;0;0;0.40;0.30;0.70;0.40;0.70;Matches
95;Archie Brown;eng ENG;DF,MF;Fenerbahçe;23-340;2002;23;16;1,426;15.Ağu;2;2;4;2;0;0;4;0;0.13;0.13;0.25;0.13;0.25;Matches
96;İsmail Buğa;;MF;Konyaspor;19-268;2006;3;0;24;0.3;0;0;0;0;0;0;0;0;0.00;0.00;0.00;0.00;0.00;Matches
97;Tahsin Bülbül;;MF;Samsunspor;19-328;2006;3;1;84;0.9;0;0;0;0;0;0;1;0;0.00;0.00;0.00;0.00;0.00;Matches
98;Muhamed Buljubasic;ba BIH;MF;Rizespor;21-303;2004;22;7;791;8.Ağu;0;0;0;0;0;0;1;0;0.00;0.00;0.00;0.00;0.00;Matches
99;Emrecan Bulut;;MF,FW;Rizespor;24-097;2002;17;6;564;6.Mar;1;2;3;1;0;0;1;0;0.16;0.32;0.48;0.16;0.48;Matches
100;Onur Bulut;tr TUR;DF;Başakşehir;32-017;1994;17;9;969;10.Ağu;0;1;1;0;0;0;1;0;0.00;0.09;0.09;0.00;0.09;Matches
Rk;Player;Nation;Pos;Squad;Age;Born;MP;Starts;Min;90s;Gls;Ast;G+A;G-PK;PK;PKatt;CrdY;CrdR;Gls;Ast;G+A;G-PK;G+A-PK;Matches
101;Taylan Bulut;de GER;DF;Beşiktaş;20-104;2006;7;5;445;4.Eyl;0;0;0;0;0;0;0;0;0.00;0.00;0.00;0.00;0.00;Matches
102;Abdulsamet Burak;;DF;Kayserispor;29-355;1996;8;5;375;4.Şub;0;0;0;0;0;0;3;0;0.00;0.00;0.00;0.00;0.00;Matches
103;Mustafa Burak Bozan;;GK;Gaziantep FK;25-253;2000;12;12;1,053;11.Tem;0;1;1;0;0;0;2;1;0.00;0.09;0.09;0.00;0.09;Matches
104;Cafú;pt POR;MF;Kasımpaşa;33-066;1993;22;13;1,119;12.Nis;0;1;1;0;0;0;5;2;0.00;0.08;0.08;0.00;0.08;Matches
105;Oğulcan Çağlayan;tr TUR;FW;Kocaelispor;30-042;1996;4;2;196;2.Şub;0;0;0;0;0;0;1;0;0.00;0.00;0.00;0.00;0.00;Matches
106;Uğurcan Çakır;tr TUR;GK;Galatasaray;30-028;1996;24;24;2,16;24.0;0;0;0;0;0;0;4;0;0.00;0.00;0.00;0.00;0.00;Matches
107;Uğurcan Çakır;tr TUR;GK;Trabzonspor;30-028;1996;4;4;360;4.0;0;0;0;0;0;0;0;0;0.00;0.00;0.00;0.00;0.00;Matches
108;Lucas Calegari;br BRA;DF,MF;Eyüpspor;24-065;2002;19;16;1,363;15.Oca;0;1;1;0;0;0;1;0;0.00;0.07;0.07;0.00;0.07;Matches
109;Josip Čalušić;hr CRO;DF;Konyaspor;32-204;1993;8;2;298;3.Mar;0;0;0;0;0;0;1;0;0.00;0.00;0.00;0.00;0.00;Matches
110;João Pedro Gomes Camacho;pt POR;MF;Fatih Karagümrük;31-314;1994;8;3;319;3.May;0;0;0;0;0;0;1;0;0.00;0.00;0.00;0.00;0.00;Matches
111;Drissa Camara;ci CIV;MF;Gaziantep FK;24-074;2002;25;20;1,647;18.Mar;3;6;9;3;0;0;6;1;0.16;0.33;0.49;0.16;0.49;Matches
112;İrfan Can Eğribayat;tr TUR;GK;Samsunspor;27-307;1998;3;3;270;3.0;0;0;0;0;0;0;0;0;0.00;0.00;0.00;0.00;0.00;Matches
113;İrfan Can Eğribayat;tr TUR;GK;Fenerbahçe;27-307;1998;3;3;270;3.0;0;0;0;0;0;0;0;0;0.00;0.00;0.00;0.00;0.00;Matches
114;Mesut Can Tunalı;;MF;Kocaelispor;24-299;2001;1;0;45;0.5;0;0;0;0;0;0;0;0;0.00;0.00;0.00;0.00;0.00;Matches
115;Cihan Çanak;tr TUR;MF;Gençlerbirliği;21-099;2005;11;1;279;3.Oca;0;0;0;0;0;0;0;0;0.00;0.00;0.00;0.00;0.00;Matches
116;Cihan Çanak;tr TUR;MF;Trabzonspor;21-099;2005;4;0;42;0.5;0;0;0;0;0;0;0;0;0.00;0.00;0.00;0.00;0.00;Matches
117;Atakan Çankaya;tr TUR;DF;Fatih Karagümrük;27-312;1998;17;17;1,53;17.0;1;1;2;1;0;0;3;0;0.06;0.06;0.12;0.06;0.12;Matches
118;Erdem Canpolat;de GER;GK;Rizespor;25-020;2001;7;7;630;7.0;0;0;0;0;0;0;2;0;0.00;0.00;0.00;0.00;0.00;Matches
119;Miguel Filipe Nunes Cardoso;pt POR;MF,FW;Kayserispor;31-318;1994;30;30;2,672;29.Tem;2;4;6;2;0;0;6;0;0.07;0.13;0.20;0.07;0.20;Matches
120;Lionel Carole;fr FRA;DF;Kayserispor;35-021;1991;21;20;1,63;18.Oca;0;0;0;0;0;0;3;0;0.00;0.00;0.00;0.00;0.00;Matches
121;Ebrima Ceesay;gm GAM;FW;Samsunspor;19-336;2006;1;0;8;0.1;0;0;0;0;0;0;0;0;0.00;0.00;0.00;0.00;0.00;Matches
122;Jesper Ceesay;gm GAM;MF,DF;Antalyaspor;24-195;2001;28;19;1,918;21.Mar;0;0;0;0;0;0;4;0;0.00;0.00;0.00;0.00;0.00;Matches
123;Cihat Çelik;nl NED;MF;Kocaelispor;30-121;1996;2;0;13;0.1;0;0;0;0;0;0;0;0;0.00;0.00;0.00;0.00;0.00;Matches
124;İzzet Çelik;tr TUR;MF;Alanyaspor;21-317;2004;10;0;142;1.Haz;0;0;0;0;0;0;0;0;0.00;0.00;0.00;0.00;0.00;Matches
125;Yiğit Çeltik;tr TUR;MF;Kayserispor;23-026;2003;1;0;19;0.2;0;0;0;0;0;0;0;0;0.00;0.00;0.00;0.00;0.00;Matches
Rk;Player;Nation;Pos;Squad;Age;Born;MP;Starts;Min;90s;Gls;Ast;G+A;G-PK;PK;PKatt;CrdY;CrdR;Gls;Ast;G+A;G-PK;G+A-PK;Matches
126;Václav Černý;cz CZE;MF;Beşiktaş;28-198;1997;28;24;1,877;20.Eyl;4;8;12;4;0;0;1;0;0.19;0.38;0.58;0.19;0.58;Matches
127;Tarık Çetin;tr TUR;GK;Fenerbahçe;29-115;1997;2;2;180;2.0;0;0;0;0;0;0;1;0;0.00;0.00;0.00;0.00;0.00;Matches
128;Fyodor Chalov;ru RUS;FW,MF;Kayserispor;28-023;1998;11;7;652;7.Şub;1;1;2;1;0;0;1;0;0.14;0.14;0.28;0.14;0.28;Matches
129;Muhammed Cham;at AUT;MF;Trabzonspor;25-219;2000;1;0;5;0.1;0;0;0;0;0;0;0;0;0.00;0.00;0.00;0.00;0.00;Matches
130;Sidiki Cherif;fr FRA;FW;Fenerbahçe;19-139;2006;12;7;647;7.Şub;2;0;2;2;0;0;0;0;0.28;0.00;0.28;0.28;0.28;Matches
131;Amine Cherni;tn TUN;MF;Göztepe;24-300;2001;32;32;2,821;31.Mar;0;4;4;0;0;0;1;0;0.00;0.13;0.13;0.00;0.13;Matches
132;Darko Churlinov;mk MKD;MF,FW;Kocaelispor;25-296;2000;24;11;978;10.Eyl;0;3;3;0;0;0;2;0;0.00;0.28;0.28;0.00;0.28;Matches
133;Kayra Cihan;tr TUR;DF;Kayserispor;18-215;2007;4;1;96;1.Oca;0;0;0;0;0;0;0;0;0.00;0.00;0.00;0.00;0.00;Matches
134;Mirza Cihan;;FW;Gaziantep FK;25-189;2000;3;0;25;0.3;0;0;0;0;0;0;0;0;0.00;0.00;0.00;0.00;0.00;Matches
135;Muharrem Cinan;;DF;Kocaelispor;27-355;1998;10;4;404;4.May;0;0;0;0;0;0;2;0;0.00;0.00;0.00;0.00;0.00;Matches
136;Anıl Çınar;;DF;Fatih Karagümrük;22-297;2003;13;10;984;10.Eyl;1;0;1;1;0;0;4;0;0.09;0.00;0.09;0.09;0.09;Matches
137;Ramazan Civelek;tr TUR;DF,MF;Kayserispor;30-101;1996;28;24;2,042;22.Tem;0;2;2;0;0;0;6;0;0.00;0.09;0.09;0.00;0.09;Matches
138;Luccas Claro;br BRA;DF;Eyüpspor;34-213;1991;14;13;1,147;12.Tem;0;0;0;0;0;0;2;0;0.00;0.00;0.00;0.00;0.00;Matches
139;Kamil Çörekçi;tr TUR;DF;Kasımpaşa;34-091;1992;6;6;497;5.May;0;0;0;0;0;0;3;0;0.00;0.00;0.00;0.00;0.00;Matches
140;Nuno da Costa;cv CPV;MF,FW;Başakşehir;35-082;1991;25;8;841;9.Mar;3;1;4;3;0;0;3;0;0.32;0.11;0.43;0.32;0.43;Matches
141;Tanguy Coulibaly;fr FRA;MF;Samsunspor;25-074;2001;12;8;651;7.Şub;1;0;1;1;0;0;4;0;0.14;0.00;0.14;0.14;0.14;Matches
142;Crespo;pt POR;MF,FW;Başakşehir;29-234;1996;17;10;966;10.Tem;0;5;5;0;0;0;3;0;0.00;0.47;0.47;0.00;0.47;Matches
143;Kevin Csoboth;hu HUN;FW;Gençlerbirliği;25-317;2000;5;0;50;0.6;0;0;0;0;0;0;0;0;0.00;0.00;0.00;0.00;0.00;Matches
144;Julián Cuesta;es ESP;GK;Antalyaspor;35-036;1991;19;19;1,71;19.0;0;0;0;0;0;0;4;0;0.00;0.00;0.00;0.00;0.00;Matches
145;Tiago Çukur;tr TUR;MF,FW;Fatih Karagümrük;23-154;2002;26;13;1,37;15.Şub;1;3;4;1;0;0;2;0;0.07;0.20;0.26;0.07;0.26;Matches
146;Tomáš Čvančara;cz CZE;FW;Antalyaspor;25-263;2000;11;6;525;5.Ağu;1;0;1;1;0;0;1;0;0.17;0.00;0.17;0.17;0.17;Matches
147;David Datro Fofana;ci CIV;FW;Fatih Karagümrük;23-132;2002;13;10;982;10.Eyl;6;0;6;6;0;1;0;0;0.55;0.00;0.55;0.55;0.55;Matches
148;Sergio Antonio De Luiz Junior;br BRA;MF,FW;Fatih Karagümrük;31-027;1995;30;25;2,067;23.0;8;1;9;8;0;0;2;0;0.35;0.04;0.39;0.35;0.39;Matches
149;Gökhan Değirmenci;tr TUR;GK;Kocaelispor;37-043;1989;10;9;855;9.May;0;0;0;0;0;0;1;0;0.00;0.00;0.00;0.00;0.00;Matches
150;Tom Dele-Bashiru;ng NGA;MF;Gençlerbirliği;26-228;1999;26;24;2,18;24.Şub;0;1;1;0;0;0;1;0;0.00;0.04;0.04;0.00;0.04;Matches
Rk;Player;Nation;Pos;Squad;Age;Born;MP;Starts;Min;90s;Gls;Ast;G+A;G-PK;PK;PKatt;CrdY;CrdR;Gls;Ast;G+A;G-PK;G+A-PK;Matches
151;Dilhan Demir;de GER;MF;Gençlerbirliği;22-309;2003;6;1;102;1.Oca;0;0;0;0;0;0;1;0;0.00;0.00;0.00;0.00;0.00;Matches
152;Mete-Kaan Demir;tr TUR;FW;Eyüpspor;27-355;1998;1;0;1;0.0;0;0;0;0;0;0;0;0;0.00;0.00;0.00;0.00;0.00;Matches
153;Yusuf Demir;at AUT;MF;Galatasaray;22-335;2003;1;0;29;0.3;0;0;0;0;0;0;0;0;0.00;0.00;0.00;0.00;0.00;Matches
154;Adil Demirbağ;tr TUR;DF;Konyaspor;28-144;1997;23;23;2,006;22.Mar;2;2;4;2;0;0;9;0;0.09;0.09;0.18;0.09;0.18;Matches
155;Kerem Demirbay;de GER;MF;Kasımpaşa;32-304;1993;8;6;504;5.Haz;1;0;1;1;0;0;4;2;0.18;0.00;0.18;0.18;0.18;Matches
156;Kerem Demirbay;de GER;MF;Eyüpspor;32-304;1993;16;16;1,41;15.Tem;0;0;0;0;0;0;4;0;0.00;0.00;0.00;0.00;0.00;Matches
157;Ali Demirbilek;tr TUR;FW;Antalyaspor;17-118;2009;1;0;1;0.0;0;0;0;0;0;0;0;0;0.00;0.00;0.00;0.00;0.00;Matches
158;Alper Demirol;se SWE;MF;Fatih Karagümrük;23-214;2002;3;1;72;0.8;0;0;0;0;0;0;0;0;0.00;0.00;0.00;0.00;0.00;Matches
159;Anthony Dennis;ng NGA;MF;Göztepe;21-316;2004;29;27;2,307;25.Haz;3;0;3;3;0;0;8;0;0.12;0.00;0.12;0.12;0.12;Matches
160;Stefano Denswil;sr SUR;DF;Kayserispor;32-361;1993;30;30;2,676;29.Tem;1;0;1;1;0;0;3;0;0.03;0.00;0.03;0.03;0.03;Matches
161;Halil Dervişoğlu;tr TUR;FW;Rizespor;26-146;1999;19;7;810;9.0;1;0;1;1;0;0;4;0;0.11;0.00;0.11;0.11;0.11;Matches
162;Ersin Destanoğlu;tr TUR;GK;Beşiktaş;25-122;2001;23;23;2,07;23.0;0;0;0;0;0;0;4;0;0.00;0.00;0.00;0.00;0.00;Matches
163;Ali Diabaté;ci CIV;DF;Samsunspor;19-149;2006;5;2;151;1.Tem;0;1;1;0;0;0;1;0;0.00;0.60;0.60;0.00;0.60;Matches
164;Fousseni Diabaté;ml MLI;MF;Kasımpaşa;30-197;1995;24;18;1,723;19.Oca;1;2;3;1;0;0;1;0;0.05;0.10;0.16;0.05;0.16;Matches
165;Ousmane Dıabate;gn GUI;MF;Gençlerbirliği;18-221;2007;1;1;90;1.0;0;0;0;0;0;0;1;0;0.00;0.00;0.00;0.00;0.00;Matches
166;Anfernee Dijksteel;sr SUR;DF;Kocaelispor;29-188;1996;29;25;2,419;26.Eyl;0;0;0;0;0;0;2;0;0.00;0.00;0.00;0.00;0.00;Matches
167;Soner Dikmen;tr TUR;MF;Antalyaspor;32-244;1993;25;22;1,893;21.0;2;0;2;2;0;0;7;0;0.10;0.00;0.10;0.10;0.10;Matches
168;Deniz Dilmen;tr TUR;GK;Başakşehir;20-332;2005;1;1;90;1.0;0;0;0;0;0;0;0;0;0.00;0.00;0.00;0.00;0.00;Matches
169;Landry Dimata;be BEL;MF,FW;Samsunspor;28-244;1997;2;2;130;1.Nis;0;0;0;0;0;0;0;0;0.00;0.00;0.00;0.00;0.00;Matches
170;Sokratis Dioudis;gr GRE;GK;Gaziantep FK;33-089;1993;1;0;24;0.3;0;0;0;0;0;0;0;0;0.00;0.00;0.00;0.00;0.00;Matches
171;Novatus Dismas;tz TAN;MF;Göztepe;23-243;2002;30;22;2,076;23.Oca;2;2;4;1;1;1;9;0;0.09;0.09;0.17;0.04;0.13;Matches
172;Tiago Djaló;pt POR;DF;Beşiktaş;26-024;2000;17;15;1,374;15.Mar;2;0;2;2;0;0;4;0;0.13;0.00;0.13;0.13;0.13;Matches
173;Alexander Djiku;gh GHA;DF,MF;Fenerbahçe;31-267;1994;1;0;1;0.0;0;0;0;0;0;0;0;0;0.00;0.00;0.00;0.00;0.00;Matches
174;Marius Doh;ci CIV;MF;Fatih Karagümrük;22-137;2003;17;12;1,013;11.Mar;0;0;0;0;0;0;2;1;0.00;0.00;0.00;0.00;0.00;Matches
175;Deniz Donmezer;;GK;Kayserispor;17-224;2008;1;1;90;1.0;0;0;0;0;0;0;0;0;0.00;0.00;0.00;0.00;0.00;Matches
Rk;Player;Nation;Pos;Squad;Age;Born;MP;Starts;Min;90s;Gls;Ast;G+A;G-PK;PK;PKatt;CrdY;CrdR;Gls;Ast;G+A;G-PK;G+A-PK;Matches
176;Nene Dorgeles;ml MLI;MF;Fenerbahçe;23-131;2002;25;16;1,464;16.Mar;9;3;12;9;0;0;3;0;0.55;0.18;0.74;0.55;0.74;Matches
177;Denis Drăguș;ro ROU;FW;Gaziantep FK;26-301;1999;11;3;330;3.Tem;0;1;1;0;0;0;0;0;0.00;0.27;0.27;0.00;0.27;Matches
178;Denis Drăguș;ro ROU;MF,FW;Eyüpspor;26-301;1999;12;10;873;9.Tem;0;0;0;0;0;0;3;0;0.00;0.00;0.00;0.00;0.00;Matches
179;Rick van Drongelen;nl NED;DF;Samsunspor;27-134;1998;30;29;2,643;29.Nis;2;1;3;2;0;0;5;0;0.07;0.03;0.10;0.07;0.10;Matches
180;Léo Duarte;br BRA;DF;Başakşehir;29-290;1996;25;25;2,228;24.Ağu;0;1;1;0;0;0;5;0;0.00;0.04;0.04;0.00;0.04;Matches
181;Tibet Durakçay;;FW;Göztepe;20-091;2006;1;0;1;0.0;0;0;0;0;0;0;0;0;0.00;0.00;0.00;0.00;0.00;Matches
182;Jáder Durán;co COL;FW;Fenerbahçe;22-141;2003;10;6;542;6.0;3;2;5;3;0;0;2;0;0.50;0.33;0.83;0.50;0.83;Matches
183;Abdurrahim Dursun;tr TUR;DF,MF;Gençlerbirliği;27-153;1998;14;5;505;5.Haz;0;0;0;0;0;0;1;0;0.00;0.00;0.00;0.00;0.00;Matches
184;Serdar Dursun;tr TUR;FW;Kocaelispor;34-196;1991;25;14;1,324;14.Tem;6;1;7;4;2;2;3;0;0.41;0.07;0.48;0.27;0.34;Matches
185;Georgi Dzhikiya;ru RUS;DF;Antalyaspor;32-163;1993;15;13;1,154;12.Ağu;2;0;2;2;0;0;3;0;0.16;0.00;0.16;0.16;0.16;Matches
186;Festy Ebosele;ie IRL;DF;Başakşehir;23-274;2002;14;9;688;7.Haz;0;0;0;0;0;0;4;2;0.00;0.00;0.00;0.00;0.00;Matches
187;Ederson;br BRA;GK;Fenerbahçe;32-259;1993;24;24;2,131;23.Tem;0;0;0;0;0;0;8;1;0.00;0.00;0.00;0.00;0.00;Matches
188;Yiğit Efe Demir;tr TUR;DF;Fenerbahçe;21-274;2004;12;5;588;6.May;0;0;0;0;0;0;2;0;0.00;0.00;0.00;0.00;0.00;Matches
189;Demir Ege Tıknaz;tr TUR;MF;Beşiktaş;21-259;2004;10;2;316;3.May;0;1;1;0;0;0;2;0;0.00;0.28;0.28;0.00;0.28;Matches
190;Meschak Elia;cd COD;MF;Alanyaspor;28-270;1997;19;5;554;6.Şub;1;0;1;1;0;0;0;0;0.16;0.00;0.16;0.16;0.16;Matches
191;Eren Elmalı;tr TUR;DF,MF;Galatasaray;25-300;2000;23;15;1,412;15.Tem;3;0;3;3;0;0;3;0;0.19;0.00;0.19;0.19;0.19;Matches
192;Bartuğ Elmaz;tr TUR;MF;Fenerbahçe;23-073;2003;5;0;100;1.Oca;0;0;0;0;0;0;1;0;0.00;0.00;0.00;0.00;0.00;Matches
193;Bartuğ Elmaz;tr TUR;MF;Fatih Karagümrük;23-073;2003;13;9;832;9.Şub;1;0;1;1;0;0;1;0;0.11;0.00;0.11;0.11;0.11;Matches
194;Emersonn;br BRA;FW;Göztepe;21-291;2004;3;1;125;1.Nis;1;0;1;1;0;0;0;0;0.72;0.00;0.72;0.72;0.72;Matches
195;Yunus Emre Çift;tr TUR;MF,DF;Samsunspor;22-244;2003;20;8;657;7.Mar;0;0;0;0;0;0;4;0;0.00;0.00;0.00;0.00;0.00;Matches
196;Youssef En-Nesyri;ma MAR;FW;Fenerbahçe;28-336;1997;16;11;1,006;11.Şub;7;0;7;7;0;0;1;0;0.63;0.00;0.63;0.63;0.63;Matches
197;Mehmet Eray Özbek;;MF;Kayserispor;23-114;2003;8;0;134;1.May;0;0;0;0;0;0;1;0;0.00;0.00;0.00;0.00;0.00;Matches
198;Erhan Erentürk;tr TUR;GK;Gençlerbirliği;30-338;1995;7;7;630;7.0;0;0;0;0;0;0;1;0;0.00;0.00;0.00;0.00;0.00;Matches
199;Onur Ergün;tr TUR;MF;Başakşehir;33-169;1992;17;3;326;3.Haz;0;1;1;0;0;0;1;0;0.00;0.28;0.28;0.00;0.28;Matches
200;Muzaffer Eriş;;DF;Konyaspor;19-288;2006;3;2;152;1.Tem;0;0;0;0;0;0;0;0;0.00;0.00;0.00;0.00;0.00;Matches
Rk;Player;Nation;Pos;Squad;Age;Born;MP;Starts;Min;90s;Gls;Ast;G+A;G-PK;PK;PKatt;CrdY;CrdR;Gls;Ast;G+A;G-PK;G+A-PK;Matches
201;Burhan Ersoy;;MF;Fatih Karagümrük;22-324;2003;1;0;4;0.0;0;0;0;0;0;0;0;0;0.00;0.00;0.00;0.00;0.00;Matches
202;Deniz Ertaş;tr TUR;GK;Konyaspor;21-044;2005;11;11;990;11.0;0;1;1;0;0;0;2;0;0.00;0.09;0.09;0.00;0.09;Matches
203;Ricardo Esgaio;pt POR;DF;Fatih Karagümrük;32-352;1993;23;21;1,909;21.Şub;0;0;0;0;0;0;3;0;0.00;0.00;0.00;0.00;0.00;Matches
204;Mustafa Eskihellaç;tr TUR;DF,MF;Trabzonspor;28-363;1997;29;27;2,315;25.Tem;0;4;4;0;0;0;7;1;0.00;0.16;0.16;0.00;0.16;Matches
205;Jhon Espinoza;ec ECU;DF,MF;Kasımpaşa;27-068;1999;10;6;558;6.Şub;0;0;0;0;0;0;4;0;0.00;0.00;0.00;0.00;0.00;Matches
206;Oghenekaro Etebo;ng NGA;MF;Gençlerbirliği;30-175;1995;1;1;41;0.5;0;0;0;0;0;0;0;0;0.00;0.00;0.00;0.00;0.00;Matches
207;Mamadou Fall;sn SEN;MF,FW;Kasımpaşa;34-123;1991;20;14;1,165;12.Eyl;0;0;0;0;0;0;1;0;0.00;0.00;0.00;0.00;0.00;Matches
208;Andri Fannar Baldursson;is ISL;MF;Kasımpaşa;24-113;2002;29;29;2,537;28.Şub;0;1;1;0;0;0;8;0;0.00;0.04;0.04;0.00;0.04;Matches
209;Ömer Faruk Beyaz;tr TUR;MF;Başakşehir;22-247;2003;3;0;28;0.3;0;0;0;0;0;0;0;0;0.00;0.00;0.00;0.00;0.00;Matches
210;Abbosbek Fayzullayev;uz UZB;MF;Başakşehir;22-212;2003;18;13;1,002;11.Oca;2;2;4;2;0;0;4;0;0.18;0.18;0.36;0.18;0.36;Matches
211;Marcos Felipe;br BRA;GK;Eyüpspor;30-020;1996;19;19;1,71;19.0;0;0;0;0;0;0;0;0;0.00;0.00;0.00;0.00;0.00;Matches
212;Ohis Felix Uduokhai;de GER;DF;Beşiktaş;28-236;1997;15;12;1,126;12.May;0;0;0;0;0;0;4;0;0.00;0.00;0.00;0.00;0.00;Matches
213;Yahia Fofana;ci CIV;GK;Rizespor;25-255;2000;25;25;2,25;25.0;0;1;1;0;0;0;2;0;0.00;0.04;0.04;0.00;0.04;Matches
214;Fred;br BRA;MF;Fenerbahçe;33-059;1993;28;13;1,298;14.Nis;0;4;4;0;0;0;2;0;0.00;0.28;0.28;0.00;0.28;Matches
215;Godfried Frimpong;nl NED;DF;Kasımpaşa;27-012;1999;25;24;2,103;23.Nis;0;1;1;0;0;0;1;0;0.00;0.04;0.04;0.00;0.04;Matches
216;Karamba Gassama;gm GAM;MF,FW;Gaziantep FK;21-121;2005;14;5;555;6.Şub;0;1;1;0;0;0;0;0;0.00;0.16;0.16;0.00;0.16;Matches
217;Furkan Gedik;;MF;Kocaelispor;23-295;2002;5;0;37;0.4;0;0;0;0;0;0;0;0;0.00;0.00;0.00;0.00;0.00;Matches
218;Baran Gezek;tr TUR;MF;Eyüpspor;20-250;2005;14;13;1,175;13.Oca;0;0;0;0;0;0;1;0;0.00;0.00;0.00;0.00;0.00;Matches
219;Lautaro Gianetti;ar ARG;DF;Antalyaspor;32-171;1993;26;18;1,605;17.Ağu;1;1;2;1;0;0;5;0;0.06;0.06;0.11;0.06;0.11;Matches
220;Andreas Gianniotis;gr GRE;GK;Kasımpaşa;33-142;1992;31;31;2,79;31.0;1;0;1;1;0;0;3;0;0.03;0.00;0.03;0.03;0.03;Matches
221;Victor Gidado;ng NGA;MF;Gaziantep FK;21-293;2004;9;3;354;3.Eyl;0;0;0;0;0;0;1;0;0.00;0.00;0.00;0.00;0.00;Matches
222;Allan Godói;br BRA;DF;Göztepe;33-029;1993;26;19;1,79;19.Eyl;0;2;2;0;0;0;2;0;0.00;0.10;0.10;0.00;0.10;Matches
223;Diogo Gonçalves;pt POR;MF,FW;Konyaspor;29-086;1997;7;2;224;2.May;2;0;2;2;0;0;1;0;0.80;0.00;0.80;0.80;0.80;Matches
224;Soner Gönül;tr TUR;DF,MF;Samsunspor;28-326;1997;16;7;745;8.Mar;0;0;0;0;0;0;4;0;0.00;0.00;0.00;0.00;0.00;Matches
225;Zafer Görgen;;GK;Gaziantep FK;25-316;2000;20;20;1,8;20.0;0;0;0;0;0;0;3;0;0.00;0.00;0.00;0.00;0.00;Matches
Rk;Player;Nation;Pos;Squad;Age;Born;MP;Starts;Min;90s;Gls;Ast;G+A;G-PK;PK;PKatt;CrdY;CrdR;Gls;Ast;G+A;G-PK;G+A-PK;Matches
226;Dimitris Goutas;gr GRE;DF;Gençlerbirliği;32-029;1994;30;30;2,635;29.Mar;2;0;2;2;0;0;4;0;0.07;0.00;0.07;0.07;0.07;Matches
227;Andre Gray;jm JAM;FW;Fatih Karagümrük;34-311;1991;12;6;525;5.Ağu;0;0;0;0;0;0;0;0;0.00;0.00;0.00;0.00;0.00;Matches
228;Ivo Grbić;hr CRO;GK;Fatih Karagümrük;30-105;1996;31;31;2,79;31.0;0;0;0;0;0;0;3;0;0.00;0.00;0.00;0.00;0.00;Matches
229;Mattéo Guendouzi;fr FRA;MF;Fenerbahçe;27-019;1999;14;14;1,252;13.Eyl;1;1;2;1;0;0;4;0;0.07;0.07;0.14;0.07;0.14;Matches
230;Bachir Gueye;sn SEN;FW;Antalyaspor;23-056;2003;2;1;90;1.0;2;0;2;2;0;0;1;0;2.00;0.00;2.00;2.00;2.00;Matches
231;Semih Güler;;DF;Kayserispor;31-154;1994;14;12;1,111;12.Mar;0;0;0;0;0;0;1;0;0.00;0.00;0.00;0.00;0.00;Matches
232;Semih Güler;;DF;Gaziantep FK;31-154;1994;14;7;767;8.May;0;0;0;0;0;0;1;0;0.00;0.00;0.00;0.00;0.00;Matches
233;Ömer Gümüş;;MF;Fatih Karagümrük;22-300;2003;2;0;73;0.8;0;0;0;0;0;0;0;0;0.00;0.00;0.00;0.00;0.00;Matches
234;İlkay Gündoğan;de GER;MF;Galatasaray;35-191;1990;22;13;1,253;13.Eyl;2;3;5;2;0;0;1;0;0.14;0.22;0.36;0.14;0.36;Matches
235;Umut Güneş;tr TUR;MF;Başakşehir;26-048;2000;28;25;1,999;22.Şub;1;0;1;1;0;0;3;0;0.05;0.00;0.05;0.05;0.05;Matches
236;Bahadır Güngördü;;GK;Konyaspor;28-146;1997;21;21;1,89;21.0;0;0;0;0;0;0;3;0;0.00;0.00;0.00;0.00;0.00;Matches
237;Mert Günok;tr TUR;GK;Beşiktaş;37-063;1989;8;8;720;8.0;0;0;0;0;0;0;0;0;0.00;0.00;0.00;0.00;0.00;Matches
238;Mert Günok;tr TUR;GK;Fenerbahçe;37-063;1989;3;2;206;2.Mar;0;0;0;0;0;0;0;0;0.00;0.00;0.00;0.00;0.00;Matches
239;Hamza Güreler;tr TUR;DF;Başakşehir;20-023;2006;5;1;142;1.Haz;0;0;0;0;0;0;0;0;0.00;0.00;0.00;0.00;0.00;Matches
240;Serdar Gürler;tr TUR;MF,DF;Eyüpspor;34-231;1991;17;16;1,281;14.Şub;0;0;0;0;0;0;2;0;0.00;0.00;0.00;0.00;0.00;Matches
241;Gökdeniz Gürpüz;tr TUR;MF;Galatasaray;20-067;2006;1;0;1;0.0;0;0;0;0;0;0;0;0;0.00;0.00;0.00;0.00;0.00;Matches
242;Göktan Gürpüz;de GER;MF;Gençlerbirliği;23-101;2003;28;25;1,907;21.Şub;0;5;5;0;0;0;2;0;0.00;0.24;0.24;0.00;0.24;Matches
243;Günay Güvenç;tr TUR;GK;Galatasaray;34-312;1991;8;8;692;7.Tem;0;0;0;0;0;0;2;1;0.00;0.00;0.00;0.00;0.00;Matches
244;Pape Habib Guèye;sn SEN;FW;Kasımpaşa;26-225;1999;24;16;1,549;17.Şub;5;0;5;5;0;1;5;1;0.29;0.00;0.29;0.29;0.29;Matches
245;Florent Hadergjonaj;xk KVX;MF;Alanyaspor;31-276;1994;26;22;1,941;21.Haz;5;7;12;3;2;2;4;0;0.23;0.32;0.56;0.14;0.46;Matches
246;Ianis Hagi;ro ROU;MF,FW;Alanyaspor;27-193;1998;23;16;1,349;15.0;3;2;5;3;0;0;4;0;0.20;0.13;0.33;0.20;0.33;Matches
247;Massadio Haïdara;ml MLI;DF;Kocaelispor;33-152;1992;20;18;1,543;17.Oca;0;1;1;0;0;0;5;0;0.00;0.06;0.06;0.00;0.06;Matches
248;Haris Hajradinović;ba BIH;MF;Kasımpaşa;32-074;1994;7;7;552;6.Oca;2;0;2;1;1;1;2;0;0.33;0.00;0.33;0.16;0.16;Matches
249;Matěj Hanousek;cz CZE;DF;Gençlerbirliği;32-335;1993;21;13;1,276;14.Şub;0;0;0;0;0;0;1;0;0.00;0.00;0.00;0.00;0.00;Matches
250;Amine Harit;ma MAR;MF;Başakşehir;28-319;1997;22;18;1,427;15.Eyl;2;3;5;2;0;0;2;0;0.13;0.19;0.32;0.13;0.32;Matches
Rk;Player;Nation;Pos;Squad;Age;Born;MP;Starts;Min;90s;Gls;Ast;G+A;G-PK;PK;PKatt;CrdY;CrdR;Gls;Ast;G+A;G-PK;G+A-PK;Matches
251;Mustafa Hekimoğlu;tr TUR;FW;Beşiktaş;19-011;2007;16;2;340;3.Ağu;1;0;1;1;0;0;2;0;0.26;0.00;0.26;0.26;0.26;Matches
252;Héliton;br BRA;DF;Göztepe;30-171;1995;30;30;2,7;30.0;0;1;1;0;0;0;9;0;0.00;0.03;0.03;0.00;0.03;Matches
253;Carlo Holse;dk DEN;MF;Samsunspor;26-335;1999;29;27;2,42;26.Eyl;8;3;11;8;0;0;1;0;0.30;0.11;0.41;0.30;0.41;Matches
254;Majid Hosseini;ir IRN;DF;Kayserispor;29-317;1996;3;3;270;3.0;0;0;0;0;0;0;1;0;0.00;0.00;0.00;0.00;0.00;Matches
255;Oh Hyeon-gyu;kr KOR;FW;Beşiktaş;25-021;2001;12;11;994;11.0;6;1;7;6;0;0;1;0;0.54;0.09;0.63;0.54;0.63;Matches
256;Casper Højer Nielsen;dk DEN;DF;Rizespor;31-164;1994;30;30;2,543;28.Mar;0;1;1;0;0;0;5;0;0.00;0.04;0.04;0.00;0.04;Matches
257;Melih Ibrahimoglu;tr TUR;MF;Konyaspor;25-290;2000;28;26;2,184;24.Mar;1;1;2;1;0;0;2;0;0.04;0.04;0.08;0.04;0.08;Matches
258;Mücahit Ibrahimoglu;at AUT;MF;Konyaspor;21-055;2005;2;0;2;0.0;0;0;0;0;0;0;0;0;0.00;0.00;0.00;0.00;0.00;Matches
259;Mauro Icardi;ar ARG;FW;Galatasaray;33-073;1993;29;11;1,213;13.May;14;0;14;13;1;1;1;0;1.Nis;0.00;1.Nis;0.96;0.96;Matches
260;Hasan İlçin;tr TUR;MF;Antalyaspor;17-040;2009;4;3;169;1.Eyl;0;0;0;0;0;0;0;0;0.00;0.00;0.00;0.00;0.00;Matches
261;Ahmed Ildiz;tr TUR;MF;Göztepe;29-155;1996;7;0;50;0.6;0;0;0;0;0;0;1;0;0.00;0.00;0.00;0.00;0.00;Matches
262;Christ Inao Oulaï;ci CIV;MF;Trabzonspor;20-027;2006;23;22;1,898;21.Oca;2;4;6;2;0;0;9;0;0.09;0.19;0.28;0.09;0.28;Matches
263;Tim Jabol-Folcarelli;fr FRA;MF;Trabzonspor;26-148;1999;27;27;2,327;25.Eyl;0;3;3;0;0;0;4;0;0.00;0.12;0.12;0.00;0.12;Matches
264;Ismail Jakobs;sn SEN;DF;Galatasaray;26-259;1999;23;14;1,222;13.Haz;0;1;1;0;0;0;1;0;0.00;0.07;0.07;0.00;0.07;Matches
265;Janderson;br BRA;FW;Göztepe;26-362;1999;31;29;2,377;26.Nis;6;3;9;6;0;1;8;0;0.23;0.11;0.34;0.23;0.34;Matches
266;Nicolas Janvier;fr FRA;MF;Alanyaspor;27-265;1998;24;16;1,425;15.Ağu;1;1;2;1;0;0;2;0;0.06;0.06;0.13;0.06;0.13;Matches
267;Jeferson Jeh;br BRA;FW;Göztepe;26-191;1999;14;3;385;4.Mar;1;0;1;0;1;1;3;0;0.23;0.00;0.23;0.00;0.00;Matches
268;Marko Jevtović;rs SRB;MF,DF;Konyaspor;32-283;1993;20;12;1,12;12.Nis;0;0;0;0;0;0;3;0;0.00;0.00;0.00;0.00;0.00;Matches
269;Jo Jinho;kr KOR;MF,DF;Konyaspor;22-297;2003;18;11;992;11.0;1;1;2;1;0;0;5;0;0.09;0.09;0.18;0.09;0.18;Matches
270;Daniel Johnson;jm JAM;MF;Fatih Karagümrük;33-207;1992;17;11;1,014;11.Mar;1;3;4;1;0;0;4;0;0.09;0.27;0.36;0.09;0.36;Matches
271;Aleksandar Jovanović;rs SRB;GK;Kocaelispor;33-148;1992;18;18;1,575;17.May;0;0;0;0;0;0;3;0;0.00;0.00;0.00;0.00;0.00;Matches
272;Gideon Jung;de GER;MF,DF;Kayserispor;31-233;1994;4;4;303;3.Nis;0;0;0;0;0;0;1;0;0.00;0.00;0.00;0.00;0.00;Matches
273;David Jurásek;cz CZE;DF;Beşiktaş;25-269;2000;10;7;638;7.Oca;0;0;0;0;0;0;0;0;0.00;0.00;0.00;0.00;0.00;Matches
274;Václav Jurečka;cz CZE;FW,MF;Rizespor;31-311;1994;12;5;467;5.Şub;1;0;1;1;0;0;2;0;0.19;0.00;0.19;0.19;0.19;Matches
275;Uğur Kaan Yıldız;tr TUR;DF;Göztepe;23-270;2002;7;0;62;0.7;0;0;0;0;0;0;0;0;0.00;0.00;0.00;0.00;0.00;Matches
Rk;Player;Nation;Pos;Squad;Age;Born;MP;Starts;Min;90s;Gls;Ast;G+A;G-PK;PK;PKatt;CrdY;CrdR;Gls;Ast;G+A;G-PK;G+A-PK;Matches
276;Yusuf Kabadayı;de GER;MF,FW;Gaziantep FK;22-090;2004;17;5;612;6.Ağu;1;0;1;1;0;0;6;0;0.15;0.00;0.15;0.15;0.15;Matches
277;Melih Kabasakal;;MF,DF;Gaziantep FK;30-074;1996;23;17;1,404;15.Haz;1;1;2;1;0;0;8;0;0.06;0.06;0.13;0.06;0.13;Matches
278;Melih Kabasakal;;MF;Eyüpspor;30-074;1996;3;1;105;1.Şub;0;0;0;0;0;0;0;0;0.00;0.00;0.00;0.00;0.00;Matches
279;Muhammed Kadıoğlu;tr TUR;DF;Fatih Karagümrük;19-122;2007;9;6;590;6.Haz;0;0;0;0;0;0;1;0;0.00;0.00;0.00;0.00;0.00;Matches
280;İrfan Kahveci;tr TUR;MF;Fenerbahçe;30-292;1995;8;2;285;3.Şub;0;0;0;0;0;0;0;0;0.00;0.00;0.00;0.00;0.00;Matches
281;İrfan Kahveci;tr TUR;MF;Kasımpaşa;30-292;1995;13;13;1,095;12.Şub;2;3;5;2;0;0;4;0;0.16;0.25;0.41;0.16;0.41;Matches
282;Barış Kalayci;tr TUR;MF;Fatih Karagümrük;20-246;2005;26;13;1,176;13.Oca;1;2;3;1;0;0;4;0;0.08;0.15;0.23;0.08;0.23;Matches
283;Ali Kalın;;FW;Gaziantep FK;18-041;2008;1;0;35;0.4;0;0;0;0;0;0;0;0;0.00;0.00;0.00;0.00;0.00;Matches
284;Tarık Kalpaklı;tr TUR;MF;Fatih Karagümrük;17-027;2009;10;2;279;3.Oca;0;0;0;0;0;0;1;0;0.00;0.00;0.00;0.00;0.00;Matches
285;Kubilay Kanatsızkuş;tr TUR;FW;Kasımpaşa;29-036;1997;21;6;612;6.Ağu;1;1;2;1;0;0;0;0;0.15;0.15;0.29;0.15;0.29;Matches
286;N'Golo Kanté;fr FRA;MF;Fenerbahçe;35-035;1991;12;11;961;10.Tem;2;0;2;2;0;0;3;0;0.19;0.00;0.19;0.19;0.19;Matches
287;Burak Kapacak;tr TUR;DF;Kayserispor;26-146;1999;11;0;294;3.Mar;0;1;1;0;0;0;1;0;0.00;0.31;0.31;0.00;0.31;Matches
288;Efecan Karaca;tr TUR;FW,MF;Alanyaspor;36-168;1989;17;5;499;5.May;0;0;0;0;0;0;3;0;0.00;0.00;0.00;0.00;0.00;Matches
289;Samet Karakoç;az AZE;MF,DF;Antalyaspor;23-193;2002;20;5;589;6.May;0;3;3;0;0;0;1;0;0.00;0.46;0.46;0.00;0.46;Matches
290;Haydar Karataş;tr TUR;MF;Fenerbahçe;19-051;2007;1;0;2;0.0;0;0;0;0;0;0;0;0;0.00;0.00;0.00;0.00;0.00;Matches
291;Kazımcan Karataş;tr TUR;DF;Başakşehir;23-107;2003;9;4;524;5.Ağu;0;2;2;0;0;0;1;0;0.00;0.34;0.34;0.00;0.34;Matches
292;Kazımcan Karataş;tr TUR;DF;Galatasaray;23-107;2003;8;4;441;4.Eyl;0;1;1;0;0;0;3;0;0.00;0.20;0.20;0.00;0.20;Matches
293;Ali Karimi;ir IRN;MF;Kayserispor;32-081;1994;2;0;41;0.5;0;0;0;0;0;0;0;0;0.00;0.00;0.00;0.00;0.00;Matches
294;Jadel Katongo;zm ZAM;DF;Kayserispor;21-231;2004;7;4;366;4.Oca;0;0;0;0;0;0;1;0;0.00;0.00;0.00;0.00;0.00;Matches
295;İbrahim Kaya;;MF,FW;Alanyaspor;25-055;2001;27;10;1,044;11.Haz;5;1;6;4;1;1;2;0;0.43;0.09;0.52;0.34;0.43;Matches
296;Kerem Kayaarası;tr TUR;FW;Antalyaspor;20-046;2006;1;0;2;0.0;0;0;0;0;0;0;0;0;0.00;0.00;0.00;0.00;0.00;Matches
297;Yalçın Kayan;tr TUR;MF;Samsunspor;27-093;1999;13;9;744;8.Mar;0;3;3;0;0;0;5;0;0.00;0.36;0.36;0.00;0.36;Matches
298;Yalçın Kayan;tr TUR;MF;Eyüpspor;27-093;1999;16;11;876;9.Tem;0;2;2;0;0;0;3;0;0.00;0.21;0.21;0.00;0.21;Matches
299;Jakub Kałuziński;pl POL;MF;Başakşehir;23-184;2002;9;2;322;3.Haz;0;1;1;0;0;0;2;0;0.00;0.28;0.28;0.00;0.28;Matches
300;Jakub Kałuziński;pl POL;MF;Antalyaspor;23-184;2002;4;2;216;2.Nis;0;0;0;0;0;0;0;0;0.00;0.00;0.00;0.00;0.00;Matches
Rk;Player;Nation;Pos;Squad;Age;Born;MP;Starts;Min;90s;Gls;Ast;G+A;G-PK;PK;PKatt;CrdY;CrdR;Gls;Ast;G+A;G-PK;G+A-PK;Matches
301;Habib Keita;ml MLI;MF;Kocaelispor;24-087;2002;25;22;1,87;20.Ağu;1;2;3;1;0;0;3;0;0.05;0.10;0.14;0.05;0.14;Matches
302;Can Keles;at AUT;FW,MF;Kocaelispor;24-243;2001;22;7;711;7.Eyl;0;1;1;0;0;0;2;1;0.00;0.13;0.13;0.00;0.13;Matches
303;Thalisson Kelven;br BRA;DF;Gençlerbirliği;27-361;1998;29;28;2,526;28.Oca;2;0;2;2;0;0;7;2;0.07;0.00;0.07;0.07;0.07;Matches
304;Olivier Kemen;cm CMR;MF;Başakşehir;29-287;1996;27;24;2,115;23.May;0;3;3;0;0;0;5;0;0.00;0.13;0.13;0.00;0.13;Matches
305;Enes Keskin;;MF;Alanyaspor;24-333;2001;19;5;595;6.Haz;0;1;1;0;0;0;1;0;0.00;0.15;0.15;0.00;0.15;Matches
306;Abdou Khadre Sy;sn SEN;FW;Eyüpspor;18-139;2007;3;0;21;0.2;0;0;0;0;0;0;0;0;0.00;0.00;0.00;0.00;0.00;Matches
307;Emre Kılınç;tr TUR;MF,FW;Samsunspor;31-253;1994;16;14;1,189;13.Şub;1;5;6;1;0;0;6;0;0.08;0.38;0.45;0.08;0.45;Matches
308;Arda Kızıldağ;tr TUR;DF;Gaziantep FK;27-200;1998;24;21;1,674;18.Haz;1;0;1;1;0;0;8;0;0.05;0.00;0.05;0.05;0.05;Matches
309;Arif Kocaman;;DF;Kayserispor;22-231;2003;5;3;227;2.May;0;0;0;0;0;0;0;0;0.00;0.00;0.00;0.00;0.00;Matches
310;Okan Kocuk;tr TUR;GK;Samsunspor;30-280;1995;29;29;2,61;29.0;0;0;0;0;0;0;2;0;0.00;0.00;0.00;0.00;0.00;Matches
311;Sekou Koita;ml MLI;MF,FW;Gençlerbirliği;26-156;1999;25;20;1,616;18.0;6;0;6;6;0;0;3;2;0.33;0.00;0.33;0.33;0.33;Matches
312;Orkun Kökçü;tr TUR;MF;Beşiktaş;25-125;2000;28;27;2,294;25.May;7;7;14;6;1;1;5;2;0.27;0.27;0.55;0.24;0.51;Matches
313;Abdul Kone;ci CIV;FW;Fatih Karagümrük;18-124;2007;4;0;43;0.5;0;0;0;0;0;0;0;0;0.00;0.00;0.00;0.00;0.00;Matches
314;Nurettin Korkmaz;tr TUR;DF;Kayserispor;23-310;2002;7;1;166;1.Ağu;0;1;1;0;0;0;1;0;0.00;0.54;0.54;0.00;0.54;Matches
315;İsmail Köybaşı;tr TUR;DF;Göztepe;36-297;1989;9;0;74;0.8;0;0;0;0;0;0;2;1;0.00;0.00;0.00;0.00;0.00;Matches
316;Kacper Kozłowski;pl POL;MF,FW;Gaziantep FK;22-199;2003;29;28;2,47;27.Nis;6;2;8;6;0;0;6;0;0.22;0.07;0.29;0.22;0.29;Matches
317;Blaž Kramer;si SVN;FW;Konyaspor;29-336;1996;11;7;663;7.Nis;5;0;5;5;0;0;4;0;0.68;0.00;0.68;0.68;0.68;Matches
318;Matías Kranevitter;ar ARG;MF;Fatih Karagümrük;32-347;1993;20;19;1,533;17.0;1;0;1;1;0;0;5;1;0.06;0.00;0.06;0.06;0.06;Matches
319;Filip Krastev;bg BUL;MF;Göztepe;24-200;2001;11;5;490;5.Nis;0;1;1;0;0;0;1;0;0.00;0.18;0.18;0.00;0.18;Matches
320;Enver Kulasin;ba BIH;MF;Gaziantep FK;22-234;2003;5;1;134;1.May;0;0;0;0;0;0;1;0;0.00;0.00;0.00;0.00;0.00;Matches
321;Arda Kurtulan;al ALB;MF;Göztepe;23-165;2002;29;25;2,251;25.0;4;2;6;4;0;0;6;0;0.16;0.08;0.24;0.16;0.24;Matches
322;Fatih Kuruçuk;tr TUR;DF;Fatih Karagümrük;28-102;1998;4;2;227;2.May;0;0;0;0;0;0;1;0;0.00;0.00;0.00;0.00;0.00;Matches
323;Çağtay Kurukalıp;tr TUR;DF;Fatih Karagümrük;24-068;2002;22;12;1,097;12.Şub;0;2;2;0;0;0;1;0;0.00;0.16;0.16;0.00;0.16;Matches
324;Berkan Kutlu;tr TUR;MF;Galatasaray;28-098;1998;7;0;65;0.7;0;1;1;0;0;0;1;0;0.00;Oca.38;Oca.38;0.00;Oca.38;Matches
325;Berkan Kutlu;tr TUR;MF,DF;Konyaspor;28-098;1998;13;12;1,054;11.Tem;2;0;2;2;0;0;3;0;0.17;0.00;0.17;0.17;0.17;Matches
Rk;Player;Nation;Pos;Squad;Age;Born;MP;Starts;Min;90s;Gls;Ast;G+A;G-PK;PK;PKatt;CrdY;CrdR;Gls;Ast;G+A;G-PK;G+A-PK;Matches
326;Ahmed Kutucu;tr TUR;FW,MF;Galatasaray;26-063;2000;9;0;81;0.9;0;1;1;0;0;0;0;0;0.00;1.Kas;1.Kas;0.00;1.Kas;Matches
327;Moussa Kyabou;ml MLI;MF;Gençlerbirliği;28-015;1998;2;2;146;1.Haz;0;0;0;0;0;0;0;0;0.00;0.00;0.00;0.00;0.00;Matches
328;Qazim Laçi;al ALB;MF;Rizespor;30-104;1996;30;30;2,502;27.Ağu;7;9;16;4;3;3;6;1;0.25;0.32;0.58;0.14;0.47;Matches
329;Mohamed Lamine Bayo;gn GUI;FW;Gaziantep FK;27-333;1998;27;26;2,159;24.0;14;3;17;14;0;1;1;0;0.58;0.13;0.71;0.58;0.71;Matches
330;Noa Lang;nl NED;MF;Galatasaray;26-320;1999;11;6;568;6.Mar;0;2;2;0;0;0;1;0;0.00;0.32;0.32;0.00;0.32;Matches
331;Sam Larsson;se SWE;MF,FW;Fatih Karagümrük;33-023;1993;20;19;1,421;15.Ağu;1;3;4;0;1;1;1;0;0.06;0.19;0.25;0.00;0.19;Matches
332;Mario Lemina;ga GAB;MF,DF;Galatasaray;32-244;1993;26;19;1,634;18.Şub;1;1;2;1;0;0;6;0;0.06;0.06;0.11;0.06;0.11;Matches
333;Igor Lichnovsky;cl CHI;DF;Fatih Karagümrük;32-057;1994;11;11;990;11.0;0;1;1;0;0;0;2;0;0.00;0.09;0.09;0.00;0.09;Matches
334;Nuno Lima;pt POR;DF;Alanyaspor;25-048;2001;30;30;2,641;29.Mar;1;1;2;1;0;0;7;0;0.03;0.03;0.07;0.03;0.07;Matches
335;Karol Linetty;pl POL;MF;Kocaelispor;31-090;1995;25;19;1,521;16.Eyl;0;2;2;0;0;0;7;0;0.00;0.12;0.12;0.00;0.12;Matches
336;Mateusz Lis;pl POL;GK;Göztepe;29-065;1997;32;32;2,88;32.0;0;0;0;0;0;0;3;0;0.00;0.00;0.00;0.00;0.00;Matches
337;Dominik Livaković;hr CRO;GK;Fenerbahçe;31-114;1995;1;1;90;1.0;0;0;0;0;0;0;0;0;0.00;0.00;0.00;0.00;0.00;Matches
338;Guilherme Luiz;br BRA;FW;Göztepe;21-008;2005;11;2;178;2.0;0;0;0;0;0;0;1;0;0.00;0.00;0.00;0.00;0.00;Matches
339;Christopher Lungoyi;ch SUI;MF,FW;Gaziantep FK;25-303;2000;27;19;1,712;19.0;2;2;4;2;0;0;7;0;0.11;0.11;0.21;0.11;0.21;Matches
340;Mathias Løvik;no NOR;DF;Trabzonspor;22-148;2003;13;7;560;6.Şub;0;2;2;0;0;0;1;0;0.00;0.32;0.32;0.00;0.32;Matches
341;Salem M'bakata;cd COD;DF;Gaziantep FK;28-014;1998;1;1;34;0.4;0;0;0;0;0;0;0;0;0.00;0.00;0.00;0.00;0.00;Matches
342;Maestro;ao ANG;MF;Alanyaspor;22-272;2003;19;14;1,284;14.Mar;1;1;2;1;0;0;5;1;0.07;0.07;0.14;0.07;0.14;Matches
343;Denis Makarov;ru RUS;MF;Kayserispor;28-074;1998;10;6;532;5.Eyl;0;0;0;0;0;0;3;0;0.00;0.00;0.00;0.00;0.00;Matches
344;Antoine Makoumbou;cg CGO;MF;Samsunspor;27-289;1998;30;22;2,124;23.Haz;1;1;2;1;0;0;6;0;0.04;0.04;0.08;0.04;0.08;Matches
345;Gaius Makouta;cg CGO;MF;Alanyaspor;28-282;1997;30;29;2,406;26.Tem;1;0;1;1;0;0;6;0;0.04;0.00;0.04;0.04;0.04;Matches
346;Salih Malkoçoglu;;DF;Trabzonspor;21-069;2005;7;1;99;1.Oca;0;0;0;0;0;0;0;0;0.00;0.00;0.00;0.00;0.00;Matches
347;Carlos Mané;gw GNB;MF;Kayserispor;32-053;1994;22;12;1,043;11.Haz;0;1;1;0;0;0;2;0;0.00;0.09;0.09;0.00;0.09;Matches
348;Ismaila Manga;sn SEN;MF;Eyüpspor;18-353;2007;3;0;24;0.3;0;0;0;0;0;0;1;0;0.00;0.00;0.00;0.00;0.00;Matches
349;João Mário;pt POR;MF;Beşiktaş;33-104;1993;2;1;106;1.Şub;0;0;0;0;0;0;0;0;0.00;0.00;0.00;0.00;0.00;Matches
350;Sam Mather;eng ENG;FW;Kayserispor;21-242;2004;2;1;52;0.6;0;0;0;0;0;0;0;0;0.00;0.00;0.00;0.00;0.00;Matches
Rk;Player;Nation;Pos;Squad;Age;Born;MP;Starts;Min;90s;Gls;Ast;G+A;G-PK;PK;PKatt;CrdY;CrdR;Gls;Ast;G+A;G-PK;G+A-PK;Matches
351;Alexandru Maxim;ro ROU;MF,FW;Gaziantep FK;35-299;1990;31;30;2,5;27.Ağu;5;7;12;1;4;4;6;0;0.18;0.25;0.43;0.04;0.29;Matches
352;Dire Mebude;sct SCO;MF,FW;Rizespor;21-340;2004;11;6;562;6.Şub;2;2;4;2;0;0;0;0;0.32;0.32;0.64;0.32;0.64;Matches
353;João Mendes;pt POR;MF;Kayserispor;31-194;1994;24;15;1,432;15.Eyl;0;4;4;0;0;0;4;1;0.00;0.25;0.25;0.00;0.25;Matches
354;Joe Mendes;se SWE;MF,DF;Samsunspor;23-123;2002;26;10;1,14;12.Tem;0;1;1;0;0;0;3;1;0.00;0.08;0.08;0.00;0.08;Matches
355;Ryan Mendes;cv CPV;FW;Kocaelispor;36-115;1990;4;4;271;3.0;0;0;0;0;0;0;0;0;0.00;0.00;0.00;0.00;0.00;Matches
356;Batista Mendy;fr FRA;DF,MF;Trabzonspor;26-111;2000;2;0;50;0.6;0;0;0;0;0;0;0;0;0.00;0.00;0.00;0.00;0.00;Matches
357;Umut Meraş;tr TUR;DF;Eyüpspor;30-134;1995;20;17;1,553;17.Mar;0;2;2;0;0;0;2;0;0.00;0.12;0.12;0.00;0.12;Matches
358;Levent Mercan;de GER;DF;Fenerbahçe;25-144;2000;19;12;1,089;12.Oca;0;3;3;0;0;0;1;0;0.00;0.25;0.25;0.00;0.25;Matches
359;Valentin Mihaila;ro ROU;MF,FW;Rizespor;26-090;2000;20;13;1,201;13.Mar;5;3;8;5;0;0;4;0;0.37;0.22;0.60;0.37;0.60;Matches
360;Metehan Mimaroğlu;;MF,FW;Gençlerbirliği;31-300;1994;29;18;1,71;19.0;5;2;7;4;1;1;2;0;0.26;0.11;0.37;0.21;0.32;Matches
361;Filip Mladenović;rs SRB;DF;Fatih Karagümrük;34-261;1991;9;9;756;8.Nis;1;0;1;1;0;0;2;0;0.12;0.00;0.12;0.12;0.12;Matches
362;Attila Mocsi;hu HUN;DF;Rizespor;25-339;2000;23;17;1,616;18.0;2;0;2;2;0;0;3;0;0.11;0.00;0.11;0.11;0.11;Matches
363;Baran Mogultay;de GER;MF;Alanyaspor;21-350;2004;3;1;97;1.Oca;0;0;0;0;0;0;0;0;0.00;0.00;0.00;0.00;0.00;Matches
364;Musah Mohammed;gh GHA;MF;Göztepe;24-118;2002;9;1;205;2.Mar;0;0;0;0;0;0;1;0;0.00;0.00;0.00;0.00;0.00;Matches
365;Marius Mouandilmadji;td CHA;FW;Samsunspor;28-101;1998;32;20;1,871;20.Ağu;9;2;11;8;1;1;3;0;0.43;0.10;0.53;0.38;0.48;Matches
366;Steve Mounié;bj BEN;FW;Alanyaspor;31-216;1994;21;6;710;7.Eyl;2;0;2;2;0;0;4;0;0.25;0.00;0.25;0.25;0.25;Matches
367;Ernest Muçi;al ALB;MF;Beşiktaş;25-045;2001;1;1;57;0.6;0;0;0;0;0;0;0;0;0.00;0.00;0.00;0.00;0.00;Matches
368;Ernest Muçi;al ALB;MF,FW;Trabzonspor;25-045;2001;25;20;1,72;19.Oca;10;3;13;8;2;2;3;0;0.52;0.16;0.68;0.42;0.58;Matches
369;Arbnor Muja;al ALB;MF;Samsunspor;27-155;1998;2;0;50;0.6;0;0;0;0;0;0;0;0;0.00;0.00;0.00;0.00;0.00;Matches
370;Nihad Mujakić;ba BIH;DF;Gaziantep FK;28-018;1998;10;8;767;8.May;0;0;0;0;0;0;0;0;0.00;0.00;0.00;0.00;0.00;Matches
371;Nihad Mujakić;ba BIH;DF;Eyüpspor;28-018;1998;16;15;1,349;15.0;0;1;1;0;0;0;4;0;0.00;0.07;0.07;0.00;0.07;Matches
372;Atakan Müjde;;MF;Kasımpaşa;23-098;2003;6;2;157;1.Tem;0;1;1;0;0;0;3;0;0.00;0.57;0.57;0.00;0.57;Matches
373;Mert Müldür;tr TUR;DF;Fenerbahçe;27-030;1999;22;10;1,132;12.Haz;1;1;2;1;0;0;4;0;0.08;0.08;0.16;0.08;0.16;Matches
374;Jackson Muleka;cd COD;MF,FW;Konyaspor;26-211;1999;28;24;2,142;23.Ağu;6;3;9;5;1;1;4;0;0.25;0.13;0.38;0.21;0.34;Matches
375;Anthony Musaba;nl NED;MF;Samsunspor;25-148;2000;15;14;1,168;13.0;4;2;6;4;0;0;3;0;0.31;0.15;0.46;0.31;0.46;Matches
Rk;Player;Nation;Pos;Squad;Age;Born;MP;Starts;Min;90s;Gls;Ast;G+A;G-PK;PK;PKatt;CrdY;CrdR;Gls;Ast;G+A;G-PK;G+A-PK;Matches
376;Anthony Musaba;nl NED;MF;Fenerbahçe;25-148;2000;15;8;685;7.Haz;1;3;4;1;0;0;0;0;0.13;0.39;0.53;0.13;0.53;Matches
377;Adamo Nagalo;bf BFA;DF;Konyaspor;23-223;2002;8;6;598;6.Haz;0;0;0;0;0;0;4;1;0.00;0.00;0.00;0.00;0.00;Matches
378;Michał Nalepa;pl POL;MF,FW;Gençlerbirliği;31-040;1995;3;3;260;2.Eyl;0;0;0;0;0;0;2;1;0.00;0.00;0.00;0.00;0.00;Matches
379;Umut Nayir;tr TUR;FW;Trabzonspor;32-309;1993;11;1;216;2.Nis;1;1;2;1;0;0;1;0;0.42;0.42;0.83;0.42;0.83;Matches
380;Umut Nayir;tr TUR;FW;Konyaspor;32-309;1993;19;19;1,667;18.May;8;1;9;7;1;1;1;0;0.43;0.05;0.49;0.38;0.43;Matches
381;Alassane Ndao;sn SEN;MF,FW;Konyaspor;29-134;1996;11;11;790;8.Ağu;2;3;5;2;0;0;0;0;0.23;0.34;0.57;0.23;0.57;Matches
382;Badou Ndiaye;sn SEN;MF;Gaziantep FK;35-188;1990;12;3;420;4.Tem;0;1;1;0;0;0;4;0;0.00;0.21;0.21;0.00;0.21;Matches
383;Cherif Ndiaye;sn SEN;FW,MF;Samsunspor;30-100;1996;22;15;1,33;14.Ağu;7;1;8;7;0;0;4;1;0.47;0.07;0.54;0.47;0.54;Matches
384;Wilfred Ndidi;ng NGA;MF;Beşiktaş;29-138;1996;24;22;1,951;21.Tem;2;0;2;2;0;0;4;0;0.09;0.00;0.09;0.09;0.09;Matches
385;Renato Nhaga;gw GNB;MF;Galatasaray;19-037;2007;2;0;42;0.5;1;0;1;1;0;0;0;0;Şub.14;0.00;Şub.14;Şub.14;Şub.14;Matches
386;M'Baye Niang;sn SEN;FW;Gençlerbirliği;31-135;1994;25;19;1,725;19.Şub;4;2;6;2;2;2;6;0;0.21;0.10;0.31;0.10;0.21;Matches
387;Rob Nizet;be BEL;DF;Gaziantep FK;24-019;2002;2;0;22;0.2;0;0;0;0;0;0;0;0;0.00;0.00;0.00;0.00;0.00;Matches
388;Joseph Nonge;be BEL;MF,FW;Kocaelispor;20-353;2005;22;12;1,041;11.Haz;0;0;0;0;0;0;3;0;0.00;0.00;0.00;0.00;0.00;Matches
389;Olivier Ntcham;cm CMR;MF;Samsunspor;30-083;1996;23;19;1,54;17.Oca;2;1;3;1;1;2;3;0;0.12;0.06;0.18;0.06;0.12;Matches
390;Chibuike Nwaiwu;ng NGA;DF;Trabzonspor;22-284;2003;15;14;1,219;13.May;3;1;4;3;0;0;0;0;0.22;0.07;0.30;0.22;0.30;Matches
391;Anthony Nwakaeme;ng NGA;MF;Trabzonspor;37-043;1989;13;5;490;5.Nis;0;2;2;0;0;0;1;0;0.00;0.37;0.37;0.00;0.37;Matches
392;Prince Obeng Ampem;gh GHA;MF;Eyüpspor;28-020;1998;20;4;643;7.Oca;2;0;2;2;0;0;3;0;0.28;0.00;0.28;0.28;0.28;Matches
393;Uchenna Ogundu;ng NGA;FW;Alanyaspor;19-356;2006;17;11;982;10.Eyl;2;1;3;2;0;0;3;0;0.18;0.09;0.27;0.18;0.27;Matches
394;Ahmet Oğuz;tr TUR;DF;Kocaelispor;33-107;1993;25;22;1,992;22.Oca;0;2;2;0;0;0;8;0;0.00;0.09;0.09;0.00;0.09;Matches
395;Kazeem Olaigbe;be BEL;MF;Konyaspor;23-121;2003;12;11;854;9.May;0;0;0;0;0;0;1;0;0.00;0.00;0.00;0.00;0.00;Matches
396;Kazeem Olaigbe;be BEL;MF;Trabzonspor;23-121;2003;18;14;1,086;12.Oca;0;1;1;0;0;0;0;0;0.00;0.08;0.08;0.00;0.08;Matches
397;Junior Olaitan;bj BEN;MF;Beşiktaş;23-359;2002;12;12;1,057;11.Tem;2;1;3;2;0;0;1;0;0.17;0.09;0.26;0.17;0.26;Matches
398;Junior Olaitan;bj BEN;MF;Göztepe;23-359;2002;17;10;904;10.0;2;0;2;2;0;0;1;0;0.20;0.00;0.20;0.20;0.20;Matches
399;Ibrahim Olawoyin;ng NGA;MF;Rizespor;28-153;1997;26;23;1,92;21.Mar;1;1;2;1;0;0;3;0;0.05;0.05;0.09;0.05;0.09;Matches
400;Abdülkadir Ömür;tr TUR;MF;Antalyaspor;26-312;1999;23;15;1,155;12.Ağu;0;1;1;0;0;0;2;0;0.00;0.08;0.08;0.00;0.08;Matches
Rk;Player;Nation;Pos;Squad;Age;Born;MP;Starts;Min;90s;Gls;Ast;G+A;G-PK;PK;PKatt;CrdY;CrdR;Gls;Ast;G+A;G-PK;G+A-PK;Matches
401;André Onana;cm CMR;GK;Trabzonspor;30-031;1996;28;28;2,52;28.0;0;1;1;0;0;0;3;0;0.00;0.04;0.04;0.00;0.04;Matches
402;Jérôme Onguéné;cm CMR;DF;Eyüpspor;28-132;1997;11;9;761;8.May;0;2;2;0;0;0;3;0;0.00;0.24;0.24;0.00;0.24;Matches
403;Paul Onuachu;ng NGA;FW;Trabzonspor;31-340;1994;28;27;2,414;26.Ağu;22;2;24;16;6;7;6;0;0.82;0.07;0.89;0.60;0.67;Matches
404;German Onugkha;ru RUS;FW;Kayserispor;29-301;1996;26;20;1,844;20.May;8;1;9;8;0;0;3;0;0.39;0.05;0.44;0.39;0.44;Matches
405;Samed Onur;tr TUR;MF;Gençlerbirliği;23-292;2002;24;3;542;6.0;0;1;1;0;0;0;3;0;0.00;0.17;0.17;0.00;0.17;Matches
406;Henry Onyekuru;ng NGA;MF;Gençlerbirliği;28-332;1997;17;3;311;3.May;0;0;0;0;0;1;1;0;0.00;0.00;0.00;0.00;0.00;Matches
407;Jayden Oosterwolde;nl NED;DF;Fenerbahçe;25-007;2001;29;28;2,489;27.Tem;0;0;0;0;0;0;12;1;0.00;0.00;0.00;0.00;0.00;Matches
408;Christopher Operi;ci CIV;DF;Başakşehir;29-004;1997;22;22;1,821;20.Şub;0;4;4;0;0;0;3;0;0.00;0.20;0.20;0.00;0.20;Matches
409;Aaron Opoku;de GER;DF,MF;Kayserispor;27-036;1999;19;14;1,232;13.Tem;0;2;2;0;0;0;3;0;0.00;0.15;0.15;0.00;0.15;Matches
410;Jerome Opoku;gh GHA;DF;Başakşehir;27-201;1998;30;29;2,559;28.Nis;0;1;1;0;0;0;9;0;0.00;0.04;0.04;0.00;0.04;Matches
411;Nicholas Opoku;gh GHA;DF;Kasımpaşa;28-176;1997;28;24;2,255;25.Oca;0;0;0;0;0;0;5;0;0.00;0.00;0.00;0.00;0.00;Matches
412;Furkan Orak;;DF;Rizespor;24-340;2001;1;0;12;0.1;0;0;0;0;0;0;0;0;0.00;0.00;0.00;0.00;0.00;Matches
413;Emir Ortakaya;tr TUR;DF;Eyüpspor;21-315;2004;9;8;728;8.Oca;0;0;0;0;0;0;2;0;0.00;0.00;0.00;0.00;0.00;Matches
414;Emir Ortakaya;tr TUR;DF;Rizespor;21-315;2004;3;0;48;0.5;0;0;0;0;0;0;0;0;0.00;0.00;0.00;0.00;0.00;Matches
415;Victor Osimhen;ng NGA;FW;Galatasaray;27-125;1998;21;18;1,618;18.0;13;5;18;12;1;1;7;0;0.72;0.28;1.00;0.67;0.95;Matches
416;Sinan Osmanoğlu;tr TUR;DF;Gençlerbirliği;36-114;1990;7;0;70;0.8;0;0;0;0;0;0;0;0;0.00;0.00;0.00;0.00;0.00;Matches
417;Berkay Özcan;tr TUR;MF;Fatih Karagümrük;28-077;1998;30;23;2,13;23.Tem;0;1;1;0;0;0;1;0;0.00;0.04;0.04;0.00;0.04;Matches
418;Yasin Özcan;tr TUR;DF;Beşiktaş;20-013;2006;1;1;90;1.0;0;0;0;0;0;0;0;0;0.00;0.00;0.00;0.00;0.00;Matches
419;Ogün Özçiçek;;MF;Gaziantep FK;27-099;1999;20;13;1,162;12.Eyl;0;0;0;0;0;0;4;0;0.00;0.00;0.00;0.00;0.00;Matches
420;Berat Özdemir;tr TUR;MF,DF;Başakşehir;27-345;1998;17;10;918;10.Şub;0;0;0;0;0;0;2;0;0.00;0.00;0.00;0.00;0.00;Matches
421;Yusuf Özdemir;tr TUR;MF;Alanyaspor;25-113;2001;11;10;906;10.Oca;1;1;2;1;0;0;1;0;0.10;0.10;0.20;0.10;0.20;Matches
422;Berke Özer;tr TUR;GK;Eyüpspor;25-343;2000;1;1;90;1.0;0;0;0;0;0;0;0;0;0.00;0.00;0.00;0.00;0.00;Matches
423;Serhat Öztaşdelen;;GK;Kocaelispor;21-145;2004;4;4;360;4.0;0;0;0;0;0;0;0;0;0.00;0.00;0.00;0.00;0.00;Matches
424;Bahadır Öztürk;tr TUR;DF;Antalyaspor;30-214;1995;8;4;340;3.Ağu;0;0;0;0;0;0;1;0;0.00;0.00;0.00;0.00;0.00;Matches
425;Arda Özyar;;FW;Kocaelispor;19-017;2007;1;0;21;0.2;0;0;0;0;0;0;0;0;0.00;0.00;0.00;0.00;0.00;Matches
Rk;Player;Nation;Pos;Squad;Age;Born;MP;Starts;Min;90s;Gls;Ast;G+A;G-PK;PK;PKatt;CrdY;CrdR;Gls;Ast;G+A;G-PK;G+A-PK;Matches
426;Bedirhan Özyurt;;DF;Eyüpspor;23-039;2003;9;8;637;7.Oca;0;0;0;0;0;0;2;2;0.00;0.00;0.00;0.00;0.00;Matches
427;Kenneth Paal;sr SUR;DF,MF;Antalyaspor;28-313;1997;31;30;2,685;29.Ağu;0;0;0;0;0;0;3;0;0.00;0.00;0.00;0.00;0.00;Matches
428;Mithat Pala;tr TUR;DF,MF;Rizespor;25-261;2000;28;19;1,769;19.Tem;2;0;2;2;0;0;1;0;0.10;0.00;0.10;0.10;0.10;Matches
429;Giannis Papanikolaou;gr GRE;MF;Rizespor;27-166;1998;29;22;1,804;20.0;1;0;1;1;0;0;6;1;0.05;0.00;0.05;0.05;0.05;Matches
430;Gabriel Paulista;br BRA;DF;Beşiktaş;35-158;1990;10;10;863;9.Haz;0;1;1;0;0;0;1;0;0.00;0.10;0.10;0.00;0.10;Matches
431;Pedrinho;br BRA;MF;Konyaspor;29-135;1996;15;6;672;7.May;1;0;1;0;1;1;0;0;0.13;0.00;0.13;0.00;0.00;Matches
432;Pedro Pereira;pt POR;DF;Gençlerbirliği;28-101;1998;27;27;2,43;27.0;0;1;1;0;0;0;11;0;0.00;0.04;0.04;0.00;0.04;Matches
433;Luis Pérez;es ESP;MF,DF;Gaziantep FK;31-088;1995;24;20;1,654;18.Nis;0;1;1;0;0;0;2;0;0.00;0.05;0.05;0.00;0.05;Matches
434;Bruno Petković;hr CRO;FW;Kocaelispor;31-229;1994;18;15;1,334;14.Ağu;7;0;7;5;2;2;2;0;0.47;0.00;0.47;0.34;0.34;Matches
435;Frantzdy Pierrot;ht HAI;FW;Rizespor;31-035;1995;9;0;106;1.Şub;0;0;0;0;0;0;0;0;0.00;0.00;0.00;0.00;0.00;Matches
436;Wagner Pina;cv CPV;DF;Trabzonspor;23-181;2002;30;27;2,36;26.Şub;0;7;7;0;0;0;4;1;0.00;0.27;0.27;0.00;0.27;Matches
437;Lenny Pintor;fr FRA;MF,FW;Eyüpspor;25-271;2000;13;9;697;7.Tem;0;0;0;0;0;0;2;0;0.00;0.00;0.00;0.00;0.00;Matches
438;Onurcan Piri;tr TUR;GK;Kayserispor;31-217;1994;4;4;360;4.0;0;0;0;0;0;0;1;0;0.00;0.00;0.00;0.00;0.00;Matches
439;Daniel Popa;ro ROU;FW;Gençlerbirliği;31-293;1994;1;1;67;0.7;0;0;0;0;0;0;0;0;0.00;0.00;0.00;0.00;0.00;Matches
440;Denis Radu;ro ROU;MF,FW;Eyüpspor;23-039;2003;12;4;413;4.Haz;0;2;2;0;0;0;2;1;0.00;0.44;0.44;0.00;0.44;Matches
441;Jesurun Rak Sakyi;eng ENG;MF;Rizespor;23-210;2002;11;11;807;9.0;4;1;5;4;0;0;1;0;0.45;0.11;0.56;0.45;0.56;Matches
442;Milot Rashica;xk KVX;MF;Beşiktaş;29-309;1996;25;8;986;11.0;1;3;4;1;0;0;1;0;0.09;0.27;0.37;0.09;0.37;Matches
443;Rhaldney;br BRA;MF;Göztepe;27-164;1998;18;12;1,083;12.0;1;1;2;1;0;0;3;1;0.08;0.08;0.17;0.08;0.17;Matches
444;Rigoberto Rivas;hn HON;MF,FW;Kocaelispor;27-276;1998;19;12;1,013;11.Mar;1;1;2;1;0;0;3;0;0.09;0.09;0.18;0.09;0.18;Matches
445;Enzo Roco;cl CHI;DF;Fatih Karagümrük;33-260;1992;7;7;575;6.Nis;0;0;0;0;0;0;2;0;0.00;0.00;0.00;0.00;0.00;Matches
446;Kévin Rodrigues;pt POR;DF,MF;Gaziantep FK;32-059;1994;26;24;2,104;23.Nis;2;2;4;2;0;0;7;1;0.09;0.09;0.17;0.09;0.17;Matches
447;Dorin Rotariu;ro ROU;FW,MF;Eyüpspor;30-278;1995;3;0;68;0.8;0;0;0;0;0;0;0;0;0.00;0.00;0.00;0.00;0.00;Matches
448;Ruan;br BRA;MF;Alanyaspor;21-000;2005;26;24;2,066;23.0;1;1;2;1;0;0;3;0;0.04;0.04;0.09;0.04;0.09;Matches
449;Ruan;br BRA;MF;Göztepe;30-339;1995;2;1;114;1.Mar;0;0;0;0;0;0;1;0;0.00;0.00;0.00;0.00;0.00;Matches
450;Serdar Saatçı;tr TUR;DF;Trabzonspor;23-078;2003;3;2;186;2.Oca;0;0;0;0;0;0;0;0;0.00;0.00;0.00;0.00;0.00;Matches
Rk;Player;Nation;Pos;Squad;Age;Born;MP;Starts;Min;90s;Gls;Ast;G+A;G-PK;PK;PKatt;CrdY;CrdR;Gls;Ast;G+A;G-PK;G+A-PK;Matches
451;Ibrahim Sabra;jo JOR;FW;Göztepe;20-091;2006;9;0;91;1.0;1;0;1;1;0;0;1;0;0.99;0.00;0.99;0.99;0.99;Matches
452;Christ Sadia;ci CIV;MF;Eyüpspor;19-022;2007;3;0;14;0.2;0;0;0;0;0;0;0;0;0.00;0.00;0.00;0.00;0.00;Matches
453;Ramzi Safouri;il ISR;MF;Antalyaspor;30-194;1995;22;19;1,564;17.Nis;1;5;6;1;0;0;7;0;0.06;0.29;0.35;0.06;0.35;Matches
454;Ahmet Sagat;de GER;FW;Kocaelispor;29-341;1996;2;0;2;0.0;0;0;0;0;0;0;0;0;0.00;0.00;0.00;0.00;0.00;Matches
455;Görkem Sağlam;de GER;MF;Kayserispor;28-022;1998;8;1;165;1.Ağu;0;0;0;0;0;0;2;0;0.00;0.00;0.00;0.00;0.00;Matches
456;Modibo Sagnan;ml MLI;DF;Rizespor;27-019;1999;18;16;1,363;15.Oca;1;0;1;1;0;0;6;0;0.07;0.00;0.07;0.07;0.07;Matches
457;Devrim Şahin;;MF;Beşiktaş;19-032;2007;4;2;162;1.Ağu;0;0;0;0;0;0;0;0;0.00;0.00;0.00;0.00;0.00;Matches
458;Samuel Sáiz;es ESP;FW,MF;Eyüpspor;35-101;1991;1;0;1;0.0;0;0;0;0;0;0;0;0;0.00;0.00;0.00;0.00;0.00;Matches
459;Roland Sallai;hu HUN;DF,MF;Galatasaray;28-346;1997;28;25;2,243;24.Eyl;1;3;4;1;0;0;4;1;0.04;0.12;0.16;0.04;0.16;Matches
460;Davinson Sánchez;co COL;DF;Galatasaray;29-325;1996;29;28;2,329;25.Eyl;1;0;1;1;0;0;5;1;0.04;0.00;0.04;0.04;0.04;Matches
461;Leroy Sané;de GER;MF;Galatasaray;30-112;1996;26;25;2,146;23.Ağu;7;5;12;7;0;0;1;1;0.29;0.21;0.50;0.29;0.50;Matches
462;Nazim Sangaré;tr TUR;DF;Gaziantep FK;31-338;1994;13;11;966;10.Tem;0;0;0;0;0;0;4;1;0.00;0.00;0.00;0.00;0.00;Matches
463;Juan Santos;br BRA;FW;Göztepe;24-058;2002;30;28;2,391;26.Haz;11;4;15;11;0;2;5;1;0.41;0.15;0.56;0.41;0.56;Matches
464;Gabriel Sara;br BRA;MF;Galatasaray;26-311;1999;27;21;1,834;20.Nis;5;4;9;5;0;0;1;0;0.25;0.20;0.44;0.25;0.44;Matches
465;Veysel Sarı;tr TUR;DF;Antalyaspor;37-282;1988;21;21;1,848;20.May;1;1;2;1;0;0;4;0;0.05;0.05;0.10;0.05;0.10;Matches
466;Yusuf Sari;tr TUR;MF;Başakşehir;27-164;1998;20;17;1,382;15.Nis;0;6;6;0;0;0;1;0;0.00;0.39;0.39;0.00;0.39;Matches
467;Talha Sarıarslan;tr TUR;FW;Kayserispor;22-105;2004;13;1;155;1.Tem;2;2;4;2;0;0;1;0;Oca.16;Oca.16;Şub.32;Oca.16;Şub.32;Matches
468;Dario Šarić;ba BIH;MF;Antalyaspor;28-338;1997;22;15;1,359;15.Oca;1;1;2;1;0;0;2;0;0.07;0.07;0.13;0.07;0.13;Matches
469;Ľubomír Šatka;sk SVK;DF;Samsunspor;30-152;1995;25;24;2,095;23.Mar;0;1;1;0;0;0;1;0;0.00;0.04;0.04;0.00;0.04;Matches
470;Stefan Savić;me MNE;DF;Trabzonspor;35-115;1991;22;20;1,756;19.May;1;1;2;1;0;0;3;0;0.05;0.05;0.10;0.05;0.10;Matches
471;Gökhan Sazdağı;tr TUR;DF;Beşiktaş;31-225;1994;17;14;1,305;14.May;0;0;0;0;0;0;3;0;0.00;0.00;0.00;0.00;0.00;Matches
472;Gökhan Sazdağı;tr TUR;DF;Kayserispor;31-225;1994;3;3;270;3.0;0;0;0;0;0;0;2;0;0.00;0.00;0.00;0.00;0.00;Matches
473;Davie Selke;de GER;FW;Başakşehir;31-103;1995;22;14;1,106;12.Mar;9;0;9;7;2;2;5;1;0.73;0.00;0.73;0.57;0.57;Matches
474;Nélson Semedo;pt POR;DF;Fenerbahçe;32-168;1993;24;24;1,84;20.Nis;1;2;3;1;0;0;7;0;0.05;0.10;0.15;0.05;0.15;Matches
475;Ahmet Şen;tr TUR;GK;Galatasaray;27-089;1999;1;0;25;0.3;0;0;0;0;0;0;0;0;0.00;0.00;0.00;0.00;0.00;Matches
Rk;Player;Nation;Pos;Squad;Age;Born;MP;Starts;Min;90s;Gls;Ast;G+A;G-PK;PK;PKatt;CrdY;CrdR;Gls;Ast;G+A;G-PK;G+A-PK;Matches
476;Muhammed Şengezer;tr TUR;GK;Başakşehir;29-118;1997;31;31;2,79;31.0;0;1;1;0;0;0;0;0;0.00;0.03;0.03;0.00;0.03;Matches
477;Tarkan Serbest;tr TUR;MF;Kocaelispor;32-001;1994;6;2;239;2.Tem;0;0;0;0;0;0;0;0;0.00;0.00;0.00;0.00;0.00;Matches
478;Svit Sešlar;si SVN;MF,FW;Eyüpspor;24-114;2002;10;6;555;6.Şub;1;1;2;1;0;0;0;0;0.16;0.16;0.32;0.16;0.32;Matches
479;Eldor Shomurodov;uz UZB;MF,FW;Başakşehir;30-308;1995;32;32;2,736;30.Nis;20;4;24;18;2;2;0;0;0.66;0.13;0.79;0.59;0.72;Matches
480;Show;ao ANG;MF;Kocaelispor;27-058;1999;27;22;2,049;22.Ağu;0;0;0;0;0;0;10;1;0.00;0.00;0.00;0.00;0.00;Matches
481;Danylo Sikan;ua UKR;MF;Trabzonspor;25-017;2001;13;1;247;2.Tem;1;0;1;1;0;0;2;0;0.36;0.00;0.36;0.36;0.36;Matches
482;Jota Silva;pt POR;MF;Beşiktaş;26-275;1999;16;5;516;5.Tem;3;0;3;3;0;0;1;0;0.52;0.00;0.52;0.52;0.52;Matches
483;Rafa Silva;pt POR;MF;Beşiktaş;32-351;1993;10;10;816;9.Oca;5;1;6;5;0;0;0;0;0.55;0.11;0.66;0.55;0.66;Matches
484;Wilfried Singo;ci CIV;DF;Galatasaray;25-129;2000;18;10;861;9.Haz;2;1;3;2;0;0;2;0;0.21;0.10;0.31;0.21;0.31;Matches
485;Doğukan Sınık;tr TUR;MF;Antalyaspor;27-102;1999;18;7;740;8.Şub;0;2;2;0;0;0;5;1;0.00;0.24;0.24;0.00;0.24;Matches
486;Guilherme Sityá;pt POR;DF,MF;Konyaspor;36-032;1990;22;21;1,858;20.Haz;0;1;1;0;0;0;3;0;0.00;0.05;0.05;0.00;0.05;Matches
487;Ahmet Sivri;;MF,FW;Fatih Karagümrük;26-301;1999;9;3;299;3.Mar;0;0;0;0;0;0;0;0;0.00;0.00;0.00;0.00;0.00;Matches
488;Milan Škriniar;sk SVK;DF;Fenerbahçe;31-081;1995;24;24;2,115;23.May;2;0;2;2;0;0;6;0;0.09;0.00;0.09;0.09;0.09;Matches
489;Hrvoje Smolčić;hr CRO;DF;Kocaelispor;25-259;2000;24;24;2,046;22.Tem;1;1;2;1;0;0;2;0;0.04;0.04;0.09;0.04;0.09;Matches
490;Deian Sorescu;ro ROU;MF,DF;Gaziantep FK;28-247;1997;23;14;1,373;15.Mar;3;1;4;2;1;2;3;0;0.20;0.07;0.26;0.13;0.20;Matches
491;Afonso Sousa;pt POR;MF;Samsunspor;26-000;2000;6;1;156;1.Tem;1;1;2;1;0;0;1;0;0.58;0.58;Oca.15;0.58;Oca.15;Matches
492;Ali Sowe;gm GAM;FW;Rizespor;31-323;1994;30;24;2,125;23.Haz;6;4;10;6;0;0;2;0;0.25;0.17;0.42;0.25;0.42;Matches
493;Furkan Soyalp;tr TUR;MF;Kayserispor;30-325;1995;25;21;1,701;18.Eyl;1;0;1;1;0;0;7;0;0.05;0.00;0.05;0.05;0.05;Matches
494;Çağlar Söyüncü;tr TUR;DF;Fenerbahçe;29-345;1996;9;8;680;7.Haz;0;1;1;0;0;0;0;0;0.00;0.13;0.13;0.00;0.13;Matches
495;Andraž Šporar;si SVN;FW;Alanyaspor;32-065;1994;2;2;164;1.Ağu;0;0;0;0;0;0;0;0;0.00;0.00;0.00;0.00;0.00;Matches
496;Marius Ştefănescu;ro ROU;MF;Konyaspor;27-262;1998;8;1;167;1.Eyl;0;0;0;0;0;0;0;0;0.00;0.00;0.00;0.00;0.00;Matches
497;Taras Stepanenko;ua UKR;MF;Eyüpspor;36-268;1989;8;6;528;5.Eyl;0;0;0;0;0;0;3;0;0.00;0.00;0.00;0.00;0.00;Matches
498;Nikola Storm;be BEL;MF,FW;Antalyaspor;31-215;1994;26;20;1,55;17.Şub;4;1;5;4;0;0;1;0;0.23;0.06;0.29;0.23;0.29;Matches
499;Sander van de Streek;nl NED;FW,MF;Antalyaspor;33-040;1993;28;26;2,098;23.Mar;6;3;9;6;0;0;5;1;0.26;0.13;0.39;0.26;0.39;Matches
500;Mahamadou Susoho;es ESP;MF;Kocaelispor;21-103;2005;6;2;261;2.Eyl;0;0;0;0;0;0;0;0;0.00;0.00;0.00;0.00;0.00;Matches
Rk;Player;Nation;Pos;Squad;Age;Born;MP;Starts;Min;90s;Gls;Ast;G+A;G-PK;PK;PKatt;CrdY;CrdR;Gls;Ast;G+A;G-PK;G+A-PK;Matches
501;Sander Svendsen;no NOR;MF,FW;Konyaspor;28-270;1997;9;3;261;2.Eyl;0;0;0;0;0;0;0;0;0.00;0.00;0.00;0.00;0.00;Matches
502;Jonas Svensson;no NOR;DF;Beşiktaş;33-058;1993;5;4;344;3.Ağu;0;0;0;0;0;0;1;0;0.00;0.00;0.00;0.00;0.00;Matches
503;Oleksandr Syrota;ua UKR;DF;Kocaelispor;25-326;2000;6;4;362;4.0;0;0;0;0;0;0;0;0;0.00;0.00;0.00;0.00;0.00;Matches
504;Attila Szalai;hu HUN;DF;Kasımpaşa;28-103;1998;15;14;1,163;12.Eyl;0;1;1;0;0;0;1;0;0.00;0.08;0.08;0.00;0.08;Matches
505;Sebastian Szymański;pl POL;MF;Fenerbahçe;26-358;1999;14;4;448;5.0;1;0;1;1;0;0;0;0;0.20;0.00;0.20;0.20;0.20;Matches
506;Muhammet Taha Şahin;;DF,MF;Rizespor;25-193;2000;27;19;1,791;19.Eyl;1;0;1;1;0;0;4;0;0.05;0.00;0.05;0.05;0.05;Matches
507;Tayyib Talha Sanuç;tr TUR;DF;Beşiktaş;26-137;1999;1;0;1;0.0;0;0;0;0;0;0;0;0;0.00;0.00;0.00;0.00;0.00;Matches
508;Tayyib Talha Sanuç;tr TUR;DF;Gaziantep FK;26-137;1999;18;16;1,333;14.Ağu;0;0;0;0;0;0;4;0;0.00;0.00;0.00;0.00;0.00;Matches
509;Talisca;br BRA;MF,FW;Fenerbahçe;32-091;1994;29;23;1,865;20.Tem;19;4;23;14;5;8;2;0;0.92;0.19;1.Kas;0.68;0.87;Matches
510;Emre Taşdemir;tr TUR;DF;Kasımpaşa;30-268;1995;5;1;53;0.6;0;0;0;0;0;0;0;0;0.00;0.00;0.00;0.00;0.00;Matches
511;Ilter Tashkin;az AZE;MF;Eyüpspor;31-302;1994;19;10;876;9.Tem;0;0;0;0;0;0;6;0;0.00;0.00;0.00;0.00;0.00;Matches
512;Ertuğrul Taşkıran;tr TUR;GK;Alanyaspor;36-179;1989;20;20;1,8;20.0;0;0;0;0;0;0;2;0;0.00;0.00;0.00;0.00;0.00;Matches
513;Elayis Tavsan;nl NED;MF,FW;Samsunspor;25-003;2001;13;6;641;7.Oca;1;1;2;1;0;0;1;0;0.14;0.14;0.28;0.14;0.28;Matches
514;Serkan Terzi;tr TUR;DF;Beşiktaş;22-118;2004;1;0;21;0.2;0;0;0;0;0;0;0;0;0.00;0.00;0.00;0.00;0.00;Matches
515;Dorukhan Toköz;tr TUR;MF,DF;Kayserispor;29-347;1996;23;14;1,13;12.Haz;0;0;0;0;0;0;5;1;0.00;0.00;0.00;0.00;0.00;Matches
516;Logi Tómasson;is ISL;DF;Samsunspor;25-232;2000;28;25;2,166;24.Oca;1;4;5;1;0;0;5;0;0.04;0.17;0.21;0.04;0.21;Matches
517;Franco Tongya;it ITA;MF;Gençlerbirliği;24-051;2002;25;24;2,006;22.Mar;3;2;5;3;0;0;5;1;0.13;0.09;0.22;0.13;0.22;Matches
518;Emir Topçu;tr TUR;DF;Beşiktaş;25-204;2000;20;19;1,65;18.Mar;1;0;1;1;0;0;9;0;0.05;0.00;0.05;0.05;0.05;Matches
519;Lucas Torreira;uy URU;MF;Galatasaray;30-081;1996;29;27;2,123;23.Haz;3;4;7;3;0;0;5;0;0.13;0.17;0.30;0.13;0.30;Matches
520;Ángel Torres;co COL;MF,FW;Eyüpspor;26-027;2000;11;6;545;6.Oca;0;1;1;0;0;0;0;0;0.00;0.17;0.17;0.00;0.17;Matches
521;Cenk Tosun;tr TUR;FW,MF;Fenerbahçe;34-330;1991;5;0;65;0.7;0;1;1;0;0;0;0;0;0.00;Oca.38;Oca.38;0.00;Oca.38;Matches
522;Cenk Tosun;tr TUR;FW;Kasımpaşa;34-330;1991;10;4;356;4.0;1;0;1;1;0;0;3;0;0.25;0.00;0.25;0.25;0.25;Matches
523;Adama Traoré;ml MLI;MF,FW;Gençlerbirliği;30-332;1995;13;8;823;9.Oca;0;1;1;0;0;0;3;0;0.00;0.11;0.11;0.00;0.11;Matches
524;Ahmed Traore;ci CIV;MF;Fatih Karagümrük;19-020;2007;12;2;282;3.Oca;1;0;1;1;0;0;1;0;0.32;0.00;0.32;0.32;0.32;Matches
525;Indrit Tuci;al ALB;FW,MF;Kayserispor;25-231;2000;17;4;608;6.Ağu;2;0;2;2;0;0;1;0;0.30;0.00;0.30;0.30;0.30;Matches
Rk;Player;Nation;Pos;Squad;Age;Born;MP;Starts;Min;90s;Gls;Ast;G+A;G-PK;PK;PKatt;CrdY;CrdR;Gls;Ast;G+A;G-PK;G+A-PK;Matches
526;Ozan Tufan;tr TUR;MF,DF;Trabzonspor;31-041;1995;23;13;1,252;13.Eyl;1;2;3;1;0;0;3;0;0.07;0.14;0.22;0.07;0.22;Matches
527;Muhammet Tunahan Taşçı;tr TUR;MF;Konyaspor;24-004;2002;13;0;223;2.May;1;1;2;1;0;0;1;0;0.40;0.40;0.81;0.40;0.81;Matches
528;Hüseyin Türkmen;tr TUR;DF;Antalyaspor;28-122;1998;17;13;1,16;12.Eyl;0;0;0;0;0;0;0;0;0.00;0.00;0.00;0.00;0.00;Matches
529;Deniz Turuc;tr TUR;MF;Konyaspor;33-094;1993;12;12;968;10.Ağu;1;1;2;1;0;0;7;0;0.09;0.09;0.19;0.09;0.19;Matches
530;Deniz Turuc;tr TUR;MF;Başakşehir;33-094;1993;12;5;475;5.Mar;0;1;1;0;0;0;2;0;0.00;0.19;0.19;0.00;0.19;Matches
531;Salih Uçan;tr TUR;MF;Beşiktaş;32-117;1994;18;5;516;5.Tem;0;0;0;0;0;0;3;0;0.00;0.00;0.00;0.00;0.00;Matches
532;Nikoloz Ugrekhelidze;ge GEO;DF;Fatih Karagümrük;22-261;2003;4;2;180;2.0;0;0;0;0;0;0;1;0;0.00;0.00;0.00;0.00;0.00;Matches
533;Hwang Ui-jo;kr KOR;MF,FW;Alanyaspor;33-248;1992;30;27;2,228;24.Ağu;4;6;10;4;0;0;2;0;0.16;0.24;0.40;0.16;0.40;Matches
534;Oğulcan Ülgün;tr TUR;MF;Gençlerbirliği;27-357;1998;22;19;1,425;15.Ağu;4;2;6;4;0;0;5;0;0.25;0.13;0.38;0.25;0.38;Matches
535;Talha Ulvan;be BEL;DF;Eyüpspor;25-013;2001;17;12;1,076;12.0;1;0;1;1;0;0;2;0;0.08;0.00;0.08;0.08;0.08;Matches
536;Cengiz Ünder;tr TUR;MF;Beşiktaş;28-293;1997;25;13;1,119;12.Nis;5;3;8;4;1;2;2;0;0.40;0.24;0.64;0.32;0.56;Matches
537;Cengiz Ünder;tr TUR;FW,MF;Fenerbahçe;28-293;1997;1;0;9;0.1;0;0;0;0;0;0;0;0;0.00;0.00;0.00;0.00;0.00;Matches
538;Arda Ünyay;tr TUR;DF;Galatasaray;19-105;2007;7;0;133;1.May;0;0;0;0;0;0;0;0;0.00;0.00;0.00;0.00;0.00;Matches
539;Cem Üstündag;at AUT;MF;Kasımpaşa;25-103;2001;18;9;940;10.Nis;0;0;0;0;0;0;2;0;0.00;0.00;0.00;0.00;0.00;Matches
540;Necip Uysal;tr TUR;MF;Beşiktaş;35-099;1991;2;1;81;0.9;0;0;0;0;0;0;1;0;0.00;0.00;0.00;0.00;0.00;Matches
541;Fıratcan Üzüm;;DF,MF;Gençlerbirliği;26-333;1999;5;3;234;2.Haz;0;0;0;0;0;0;0;0;0.00;0.00;0.00;0.00;0.00;Matches
542;Dal Varesanovic;ba BIH;MF;Rizespor;24-345;2001;2;0;54;0.6;1;0;1;1;0;0;0;0;Oca.67;0.00;Oca.67;Oca.67;Oca.67;Matches
543;Dal Varesanovic;ba BIH;MF;Gençlerbirliği;24-345;2001;12;3;288;3.Şub;0;0;0;0;0;0;0;0;0.00;0.00;0.00;0.00;0.00;Matches
544;Devis Vásquez;co COL;GK;Beşiktaş;27-356;1998;1;1;90;1.0;0;0;0;0;0;0;0;0;0.00;0.00;0.00;0.00;0.00;Matches
545;Ricardo Velho;pt POR;GK;Gençlerbirliği;27-256;1998;20;20;1,8;20.0;0;0;0;0;0;0;0;0;0.00;0.00;0.00;0.00;0.00;Matches
546;Daniele Verde;it ITA;MF;Fatih Karagümrük;29-317;1996;7;6;457;5.Oca;1;3;4;1;0;0;0;0;0.20;0.59;0.79;0.20;0.79;Matches
547;Bruno Viana;br BRA;DF;Alanyaspor;31-087;1995;4;2;218;2.Nis;0;0;0;0;0;0;1;0;0.00;0.00;0.00;0.00;0.00;Matches
548;Paulo Victor Vidotti;br BRA;GK;Alanyaspor;39-111;1987;11;11;990;11.0;0;0;0;0;0;0;3;0;0.00;0.00;0.00;0.00;0.00;Matches
549;Edin Višća;ba BIH;MF;Trabzonspor;36-075;1990;9;2;189;2.Oca;0;0;0;0;0;0;0;0;0.00;0.00;0.00;0.00;0.00;Matches
550;Güray Vural;tr TUR;MF,FW;Antalyaspor;37-326;1988;4;3;275;3.Oca;2;0;2;2;0;0;1;0;0.65;0.00;0.65;0.65;0.65;Matches
Rk;Player;Nation;Pos;Squad;Age;Born;MP;Starts;Min;90s;Gls;Ast;G+A;G-PK;PK;PKatt;CrdY;CrdR;Gls;Ast;G+A;G-PK;G+A-PK;Matches
551;Mateusz Wieteska;pl POL;DF;Kocaelispor;29-081;1997;1;1;21;0.2;0;0;0;0;0;0;0;0;0.00;0.00;0.00;0.00;0.00;Matches
552;Cláudio Winck;br BRA;DF;Kasımpaşa;32-018;1994;26;25;2,211;24.Haz;3;1;4;3;0;0;6;0;0.12;0.04;0.16;0.12;0.16;Matches
553;Eren Yağmur;;FW;Konyaspor;19-055;2007;1;0;11;0.1;0;1;1;0;0;0;0;0;0.00;Ağu.18;Ağu.18;0.00;Ağu.18;Matches
554;Güven Yalçın;tr TUR;FW,MF;Alanyaspor;27-105;1999;25;11;917;10.Şub;8;0;8;7;1;1;2;0;0.79;0.00;0.79;0.69;0.69;Matches
555;Robin Yalçın;de GER;DF;Eyüpspor;32-098;1994;19;18;1,625;18.Oca;0;0;0;0;0;0;0;0;0.00;0.00;0.00;0.00;0.00;Matches
556;Samet Yalçın;;MF;Kocaelispor;32-061;1994;12;3;267;3.0;0;0;0;0;0;0;0;1;0.00;0.00;0.00;0.00;0.00;Matches
557;Polat Yaldır;tr TUR;FW;Samsunspor;22-351;2003;6;0;94;1.0;0;0;0;0;0;0;0;0;0.00;0.00;0.00;0.00;0.00;Matches
558;Karahan Yasir Subaşı;tr TUR;DF,MF;Konyaspor;30-122;1996;10;4;409;4.May;0;0;0;0;0;0;0;0;0.00;0.00;0.00;0.00;0.00;Matches
559;Zeki Yavru;tr TUR;DF;Samsunspor;34-240;1991;26;24;1,934;21.May;0;1;1;0;0;0;3;0;0.00;0.05;0.05;0.00;0.05;Matches
560;Arda Yavuz;;DF;Eyüpspor;19-348;2006;2;1;68;0.8;0;0;0;0;0;0;0;0;0.00;0.00;0.00;0.00;0.00;Matches
561;Batuhan Yavuz;tr TUR;DF;Alanyaspor;20-364;2005;1;0;1;0.0;0;0;0;0;0;0;0;0;0.00;0.00;0.00;0.00;0.00;Matches
562;Ali Yavuz Kol;tr TUR;MF;Kasımpaşa;25-094;2001;23;5;715;7.Eyl;0;0;0;0;0;0;3;0;0.00;0.00;0.00;0.00;0.00;Matches
563;Uğurcan Yazgılı;tr TUR;DF;Konyaspor;27-024;1999;25;23;1,956;21.Tem;0;1;1;0;0;0;9;0;0.00;0.05;0.05;0.00;0.05;Matches
564;Erdoğan Yeşilyurt;;DF,MF;Antalyaspor;32-178;1993;6;4;286;3.Şub;0;1;1;0;0;0;3;0;0.00;0.31;0.31;0.00;0.31;Matches
565;Abdullah Yiğiter;;GK;Antalyaspor;26-090;2000;12;12;1,08;12.0;0;0;0;0;0;0;0;0;0.00;0.00;0.00;0.00;0.00;Matches
566;Bertuğ Yıldırım;tr TUR;FW;Başakşehir;23-295;2002;18;4;538;6.0;7;1;8;7;0;0;2;0;Oca.17;0.17;Oca.34;Oca.17;Oca.34;Matches
567;Ege Yıldırım;;DF;Göztepe;19-015;2007;1;0;9;0.1;0;0;0;0;0;0;0;0;0.00;0.00;0.00;0.00;0.00;Matches
568;Engin Yıldırım;tr TUR;FW;Antalyaspor;21-108;2005;10;0;158;1.Ağu;0;0;0;0;0;0;1;0;0.00;0.00;0.00;0.00;0.00;Matches
569;Berk Yıldızlı;;FW;Kasımpaşa;20-318;2005;1;0;3;0.0;0;0;0;0;0;0;0;0;0.00;0.00;0.00;0.00;0.00;Matches
570;Jankat Yilmaz;tr TUR;GK;Eyüpspor;21-260;2004;11;11;990;11.0;0;0;0;0;0;0;3;0;0.00;0.00;0.00;0.00;0.00;Matches
571;Kartal Yılmaz;tr TUR;MF;Beşiktaş;25-180;2000;13;5;518;5.Ağu;0;1;1;0;0;0;2;0;0.00;0.17;0.17;0.00;0.17;Matches
572;Mert Yilmaz;tr TUR;DF,MF;Antalyaspor;27-056;1999;3;0;21;0.2;0;0;0;0;0;0;1;0;0.00;0.00;0.00;0.00;0.00;Matches
573;Rıdvan Yılmaz;tr TUR;DF;Beşiktaş;24-347;2001;23;22;1,984;22.0;0;0;0;0;0;0;4;0;0.00;0.00;0.00;0.00;0.00;Matches
574;Okay Yokuşlu;tr TUR;MF,DF;Trabzonspor;32-055;1994;22;10;889;9.Eyl;1;0;1;1;0;0;1;1;0.10;0.00;0.10;0.10;0.10;Matches
575;İsmail Yüksek;tr TUR;MF;Fenerbahçe;27-097;1999;28;18;1,65;18.Mar;1;1;2;1;0;0;5;0;0.05;0.05;0.11;0.05;0.11;Matches
Rk;Player;Nation;Pos;Squad;Age;Born;MP;Starts;Min;90s;Gls;Ast;G+A;G-PK;PK;PKatt;CrdY;CrdR;Gls;Ast;G+A;G-PK;G+A-PK;Matches
576;Celil Yüksel;tr TUR;MF;Samsunspor;28-122;1998;20;14;1,155;12.Ağu;0;1;1;0;0;0;2;0;0.00;0.08;0.08;0.00;0.08;Matches
577;Nicolò Zaniolo;it ITA;FW,MF;Galatasaray;26-305;1999;4;0;54;0.6;0;1;1;0;0;0;0;0;0.00;Oca.67;Oca.67;0.00;Oca.67;Matches
578;Altin Zeqiri;xk KVX;MF,FW;Rizespor;25-289;2000;23;5;704;7.Ağu;1;0;1;1;0;0;3;0;0.13;0.00;0.13;0.13;0.13;Matches
579;Oleksandr Zubkov;ua UKR;MF;Trabzonspor;29-273;1996;29;24;2,081;23.Oca;3;6;9;3;0;0;1;0;0.13;0.26;0.39;0.13;0.39;Matches
580;Žan Žužek;si SVN;DF,MF;Gençlerbirliği;29-097;1997;30;28;2,47;27.Nis;2;0;2;2;0;0;4;0;0.07;0.00;0.07;0.07;0.07;Matches
581;Mateusz Łęgowski;pl POL;MF,FW;Eyüpspor;23-094;2003;23;15;1,298;14.Nis;1;1;2;1;0;0;5;0;0.07;0.07;0.14;0.07;0.14;Matches