Player,Nation,Pos,Squad,Age,Born,MP,Starts,Min,90s,Gls,Ast,PK,PKatt,CrdY,CrdR,Sh,SoT,SoT%,Sh/90,SoT/90,G/Sh,G/SoT,Fls,Fld,Off,Crs,Int,TklW,2CrdY,Mn/MP,Mn/Start,Compl,Subs,Mn/Sub,unSub,PPM,Piyasa_Degeri
Myenty Abena,sr SUR,DF,Gaziantep FK,31-151,1994,23,20,1836,20.4,1,1,0,0,2,1,9,2,22.2,0.44,0.1,0.11,0.5,22,17,1,1,14,21,0,80.0,85.0,17,3,44.0,4,1.09,600 bin €
Emmanuel Agbadou,ci CIV,DF,Beşiktaş,28-329,1997,12,11,1001,11.1,1,1,0,0,3,0,9,4,44.4,0.81,0.36,0.11,0.25,16,5,1,3,13,15,0,83.0,90.0,11,1,11.0,1,1.67,18.00 mil. €
Dan Agyei,gh GHA,"MF,FW",Kocaelispor,28-345,1997,30,22,2052,22.8,5,0,0,0,0,0,46,17,37.0,2.02,0.75,0.11,0.29,27,26,7,65,4,3,0,68.0,85.0,8,8,24.0,1,1.1,800 bin €
Youssef Aït Bennasser,ma MAR,"MF,DF",Kayserispor,29-309,1996,21,19,1468,16.3,0,0,0,0,7,0,7,0,0.0,0.43,0.0,0.0,,23,4,2,7,17,14,0,70.0,74.0,9,2,32.0,0,0.95,1.00 mil. €
Samet Akaydın,tr TUR,DF,Rizespor,32-060,1994,29,29,2566,28.5,3,1,0,0,11,1,18,7,38.9,0.63,0.25,0.17,0.43,47,24,3,1,61,25,1,88.0,88.0,24,0,,0,1.28,1.20 mil. €
Emre Akbaba,tr TUR,"MF,FW",Eyüpspor,33-220,1992,22,10,987,11.0,4,0,1,1,3,0,26,10,38.5,2.37,0.91,0.12,0.3,14,22,6,34,10,22,0,45.0,75.0,3,12,20.0,2,1.05,500 bin €
Ümit Akdag,ro ROU,DF,Alanyaspor,22-218,2003,30,30,2621,29.1,1,2,0,0,8,0,20,2,10.0,0.69,0.07,0.05,0.5,41,25,1,30,34,24,0,87.0,87.0,26,0,,0,1.07,4.00 mil. €
Tuğbey Akgün,tr TUR,MF,Fatih Karagümrük,23-033,2003,1,0,5,0.1,0,0,0,0,0,0,0,0,,0.0,0.0,,,1,0,0,0,0,0,0,5.0,,0,1,5.0,2,0.0,100 bin €
Yunus Akgün,tr TUR,MF,Galatasaray,25-309,2000,28,23,1813,20.1,7,9,0,0,1,0,41,11,26.8,2.04,0.55,0.17,0.64,16,20,3,41,10,13,0,65.0,76.0,7,5,11.0,2,2.32,18.00 mil. €
Muhammet Akmelek,,FW,Gaziantep FK,16-340,2009,1,0,13,0.1,0,0,0,0,1,0,0,0,,0.0,0.0,,,2,0,0,0,0,0,0,13.0,,0,1,13.0,10,0.0,50 bin €
Fatih Aksoy,tr TUR,"DF,MF",Alanyaspor,28-187,1997,18,9,840,9.3,0,0,0,0,3,0,6,2,33.3,0.64,0.21,0.0,0.0,9,11,0,5,14,8,0,47.0,85.0,7,9,9.0,14,1.26,1.20 mil. €
Kerem Aktürkoğlu,tr TUR,"MF,FW",Fenerbahçe,27-203,1998,28,23,1860,20.7,6,7,1,1,3,0,40,19,47.5,1.94,0.92,0.13,0.26,15,36,6,123,9,14,0,66.0,74.0,7,5,32.0,1,2.29,22.00 mil. €
Ufuk Akyol,de GER,MF,Konyaspor,28-258,1997,1,0,2,0.0,0,0,0,0,0,0,0,0,,0.0,0.0,,,0,0,0,0,0,0,0,2.0,,0,1,2.0,1,1.0,500 bin €
Enes Albak,tr TUR,DF,Samsunspor,20-361,2005,2,0,6,0.1,0,0,0,0,0,0,0,0,,0.0,0.0,,,2,0,0,0,0,0,0,3.0,,0,2,3.0,11,1.5,150 bin €
Ömer Ali Şahiner,tr TUR,DF,Başakşehir,34-130,1992,25,21,1756,19.5,2,0,0,0,5,0,11,4,36.4,0.56,0.21,0.18,0.5,24,8,2,34,12,13,0,70.0,77.0,11,4,35.0,3,1.64,250 bin €
Xusniddin Aliqulov,uz UZB,DF,Rizespor,27-038,1999,7,5,426,4.7,0,0,0,0,4,0,3,1,33.3,0.63,0.21,0.0,0.0,9,1,0,3,13,2,0,61.0,83.0,2,2,6.0,6,0.86,1.50 mil. €
Fidan Aliti,xk KVX,DF,Alanyaspor,32-221,1993,29,29,2582,28.7,0,1,0,0,10,0,9,2,22.2,0.31,0.07,0.0,0.0,37,43,0,12,39,23,0,89.0,89.0,27,0,,0,1.28,900 bin €
Jim Allevinah,ga GAB,MF,Kasımpaşa,31-074,1995,8,3,248,2.8,1,0,0,0,2,0,7,2,28.6,2.54,0.73,0.14,0.5,5,9,0,7,3,6,0,31.0,64.0,0,5,11.0,2,0.88,1.20 mil. €
Barış Alper Yılmaz,tr TUR,"MF,FW",Galatasaray,25-354,2000,30,27,2306,25.6,8,11,3,3,7,0,55,24,43.6,2.15,0.94,0.09,0.21,48,50,4,131,3,13,0,77.0,82.0,12,3,35.0,0,2.27,26.00 mil. €
Taha Altıkardeş,tr TUR,DF,Göztepe,22-263,2003,27,14,1298,14.4,1,0,0,0,0,0,11,3,27.3,0.76,0.21,0.09,0.33,18,3,0,14,26,11,0,48.0,85.0,11,13,8.0,6,1.7,5.00 mil. €
Metehan Altunbaş,tr TUR,"MF,FW",Eyüpspor,23-125,2003,17,11,939,10.4,6,0,1,1,4,0,22,10,45.5,2.11,0.96,0.23,0.5,30,21,7,2,9,18,0,55.0,76.0,1,6,18.0,6,1.18,300 bin €
Edson Álvarez,mx MEX,MF,Fenerbahçe,28-200,1997,12,10,762,8.5,0,1,0,0,4,0,10,5,50.0,1.18,0.59,0.0,0.0,22,14,1,2,16,18,0,64.0,76.0,4,2,1.0,0,2.5,18.00 mil. €
Michael Amir Murillo,pa PAN,DF,Beşiktaş,30-090,1996,11,10,868,9.6,1,1,0,0,4,0,12,3,25.0,1.24,0.31,0.08,0.33,13,14,2,29,4,8,0,79.0,86.0,9,1,13.0,1,1.73,8.00 mil. €
Charles André Raux,fr FRA,MF,Eyüpspor,24-178,2001,15,5,503,5.6,2,0,0,0,3,0,14,4,28.6,2.5,0.72,0.14,0.5,12,32,0,6,3,7,0,34.0,71.0,0,10,15.0,1,1.2,250 bin €
Yhoan Andzouana,cg CGO,"DF,MF",Konyaspor,29-150,1996,30,28,2525,28.1,2,4,0,0,3,0,31,8,25.8,1.1,0.29,0.06,0.25,26,17,2,89,20,21,0,84.0,89.0,26,2,19.0,0,1.13,800 bin €
Taylan Antalyalı,tr TUR,MF,Rizespor,31-124,1995,27,14,1216,13.5,0,0,0,0,4,0,11,3,27.3,0.81,0.22,0.0,0.0,19,16,1,8,19,17,0,45.0,75.0,4,13,13.0,3,1.33,800 bin €
Alexis Antunes,ch SUI,MF,Göztepe,25-285,2000,12,7,616,6.8,1,1,0,0,2,0,16,8,50.0,2.34,1.17,0.06,0.13,19,16,6,28,7,11,0,51.0,68.0,0,5,28.0,0,1.25,1.50 mil. €
Adam Arous,tn TUN,DF,Kasımpaşa,21-299,2004,20,18,1580,17.6,1,0,0,0,2,0,4,1,25.0,0.23,0.06,0.25,1.0,12,12,0,4,23,18,0,79.0,87.0,15,2,6.0,8,1.15,1.00 mil. €
Marco Asensio,es ESP,MF,Fenerbahçe,30-111,1996,25,22,1871,20.8,11,12,0,0,2,0,68,26,38.2,3.27,1.25,0.16,0.42,13,7,0,125,11,8,0,75.0,82.0,12,3,21.0,2,2.32,15.00 mil. €
Kristjan Asllani,al ALB,MF,Beşiktaş,24-064,2002,13,10,812,9.0,2,2,2,2,0,1,19,3,15.8,2.11,0.33,0.0,0.0,9,5,0,17,9,4,0,62.0,78.0,3,3,10.0,0,1.92,13.00 mil. €
Yaser Asprilla,co COL,MF,Galatasaray,22-174,2003,7,1,159,1.8,0,0,0,0,0,0,8,1,12.5,4.53,0.57,0.0,0.0,2,2,0,6,2,0,0,23.0,62.0,0,6,16.0,1,2.14,14.00 mil. €
Felipe Augusto,br BRA,"MF,FW",Trabzonspor,22-083,2004,31,25,2120,23.6,13,0,0,0,1,0,64,30,46.9,2.72,1.27,0.2,0.43,34,26,5,17,11,17,0,68.0,77.0,5,6,34.0,2,2.03,10.00 mil. €
Loide Augusto,ao ANG,"MF,FW",Rizespor,26-075,2000,20,14,1126,12.5,3,2,0,0,5,0,33,8,24.2,2.64,0.64,0.09,0.38,19,16,1,41,1,5,0,56.0,71.0,2,6,21.0,2,1.45,1.00 mil. €
Oğuz Aydın,tr TUR,"MF,DF",Fenerbahçe,25-197,2000,20,4,561,6.2,0,1,0,0,2,0,10,5,50.0,1.6,0.8,0.0,0.0,8,7,2,39,2,8,0,28.0,75.0,1,16,16.0,13,2.25,8.00 mil. €
Taylan Aydın,tr TUR,DF,Kasımpaşa,20-091,2006,2,0,8,0.1,0,0,0,0,0,0,0,0,,0.0,0.0,,,0,0,0,0,0,0,0,4.0,,0,2,4.0,26,1.0,300 bin €
Kaan Ayhan,tr TUR,DF,Galatasaray,31-183,1994,18,1,304,3.4,1,0,0,0,1,0,5,1,20.0,1.48,0.3,0.2,1.0,4,4,0,5,4,7,0,17.0,90.0,1,17,13.0,11,2.72,2.00 mil. €
Ousseynou Ba,sn SEN,DF,Başakşehir,30-182,1995,16,9,1004,11.2,0,0,0,0,7,1,5,1,20.0,0.45,0.09,0.0,0.0,21,10,2,0,19,5,1,63.0,90.0,8,7,28.0,12,1.38,1.50 mil. €
Shavy Babicka,ga GAB,"MF,FW",Fatih Karagümrük,25-345,2000,14,10,829,9.2,1,1,0,0,0,0,15,4,26.7,1.63,0.43,0.07,0.25,14,21,4,7,5,7,0,59.0,71.0,1,4,31.0,0,1.29,1.50 mil. €
Bünyamin Balcı,tr TUR,DF,Antalyaspor,25-346,2000,32,24,2259,25.1,0,4,0,0,4,0,8,2,25.0,0.32,0.08,0.0,0.0,19,31,3,53,27,36,0,71.0,84.0,14,8,31.0,0,0.81,2.20 mil. €
Samuel Ballet,ch SUI,"MF,FW",Antalyaspor,25-061,2001,23,16,1631,18.1,4,0,0,0,9,0,32,9,28.1,1.77,0.5,0.13,0.44,66,58,8,30,15,36,0,71.0,86.0,10,7,37.0,2,0.83,2.00 mil. €
Botond Balogh,hu HUN,DF,Kocaelispor,23-340,2002,21,18,1657,18.4,0,0,0,0,6,0,5,0,0.0,0.27,0.0,0.0,,17,19,1,1,23,21,0,79.0,87.0,15,3,32.0,1,1.24,2.50 mil. €
Metehan Baltacı,tr TUR,DF,Galatasaray,23-190,2002,2,0,26,0.3,0,0,0,0,0,0,0,0,,0.0,0.0,,,0,0,0,0,1,1,0,13.0,,0,2,13.0,10,3.0,-
Yusuf Barasi,tr TUR,MF,Kasımpaşa,23-042,2003,8,3,275,3.1,0,0,0,0,2,0,5,2,40.0,1.64,0.65,0.0,0.0,4,9,0,9,4,1,0,34.0,66.0,0,5,15.0,12,0.25,1.00 mil. €
Abdülkerim Bardakcı,tr TUR,DF,Galatasaray,31-247,1994,30,30,2541,28.2,0,1,0,0,5,0,24,5,20.8,0.85,0.18,0.0,0.0,19,20,2,28,25,26,0,85.0,85.0,24,0,,1,2.27,6.50 mil. €
Enis Bardhi,mk MKD,MF,Konyaspor,30-314,1995,32,23,2052,22.8,5,4,2,2,5,1,54,19,35.2,2.37,0.83,0.06,0.16,27,28,4,102,11,17,1,64.0,77.0,3,9,31.0,0,1.22,2.50 mil. €
Boran Başkan,tr TUR,MF,Trabzonspor,20-044,2006,2,0,3,0.0,0,0,0,0,0,0,0,0,,0.0,0.0,,,0,1,0,0,0,0,0,2.0,,0,2,2.0,6,3.0,100 bin €
Arsenii Batahov,ua UKR,DF,Trabzonspor,24-068,2002,24,24,2115,23.5,0,2,0,0,1,0,9,3,33.3,0.38,0.13,0.0,0.0,14,11,0,4,29,31,0,88.0,88.0,23,0,,0,2.21,11.00 mil. €
Furkan Bayır,tr TUR,DF,Göztepe,26-092,2000,9,4,338,3.8,0,0,0,0,2,0,1,1,100.0,0.27,0.27,0.0,0.0,5,2,0,0,3,2,0,38.0,79.0,3,5,5.0,12,1.89,1.20 mil. €
Ogün Bayrak,,"MF,DF",Göztepe,27-214,1998,15,7,549,6.1,0,1,0,0,1,0,4,0,0.0,0.66,0.0,0.0,,8,2,0,24,6,7,0,37.0,68.0,2,8,9.0,10,1.53,800 bin €
Riechedly Bazoer,cw CUW,DF,Konyaspor,29-212,1996,14,9,838,9.3,0,0,0,0,5,0,2,0,0.0,0.21,0.0,0.0,,17,5,1,1,10,8,0,60.0,84.0,3,5,17.0,9,1.43,2.20 mil. €
Efkan Bekiroğlu,,MF,Göztepe,30-240,1995,25,14,1062,11.8,3,3,0,0,3,0,27,7,25.9,2.29,0.59,0.11,0.43,19,7,1,61,5,8,0,42.0,66.0,0,11,12.0,2,1.72,1.20 mil. €
Mortadha Ben Ouanes,tn TUN,MF,Kasımpaşa,31-314,1994,27,26,2261,25.1,2,6,0,0,8,1,23,4,17.4,0.92,0.16,0.09,0.5,40,58,1,66,26,13,1,84.0,87.0,17,1,4.0,0,1.11,1.50 mil. €
Adrian Benedyczak,pl POL,"FW,MF",Kasımpaşa,25-169,2000,13,13,1066,11.8,9,1,3,3,1,0,30,15,50.0,2.53,1.27,0.2,0.4,24,11,1,11,4,9,0,82.0,82.0,3,0,,0,1.23,2.50 mil. €
László Bénes,sk SVK,MF,Kayserispor,28-245,1997,31,28,2487,27.6,6,2,0,1,3,1,51,23,45.1,1.85,0.83,0.12,0.26,34,37,0,123,26,14,0,80.0,86.0,21,3,30.0,0,0.77,2.80 mil. €
El Bilal Touré,ml MLI,"MF,FW",Beşiktaş,24-221,2001,21,18,1557,17.3,5,4,0,0,4,1,43,22,51.2,2.49,1.27,0.12,0.23,30,19,10,10,2,9,0,74.0,82.0,14,3,28.0,0,1.62,15.00 mil. €
Tayfur Bingöl,tr TUR,"MF,FW",Kocaelispor,33-121,1993,29,23,2076,23.1,5,2,0,0,6,0,43,18,41.9,1.86,0.78,0.12,0.28,34,37,24,21,15,23,0,72.0,81.0,10,6,37.0,0,1.28,500 bin €
Davide Biraschi,it ITA,DF,Fatih Karagümrük,31-314,1994,13,13,1054,11.7,0,0,0,0,1,0,2,1,50.0,0.17,0.09,0.0,0.0,9,19,0,2,18,7,0,81.0,81.0,11,0,,0,1.15,400 bin €
Morten Bjørlo,no NOR,MF,Konyaspor,30-220,1995,28,14,1335,14.8,0,3,0,0,4,0,8,1,12.5,0.54,0.07,0.0,0.0,19,17,2,8,10,5,0,48.0,76.0,7,14,19.0,4,1.29,900 bin €
Sacha Boey,fr FRA,DF,Galatasaray,25-241,2000,10,5,484,5.4,1,0,0,0,0,0,4,2,50.0,0.74,0.37,0.25,0.5,7,5,1,8,2,12,0,48.0,79.0,2,5,18.0,3,2.2,15.00 mil. €
Malcom Bokélé,cm CMR,DF,Göztepe,26-089,2000,29,29,2558,28.4,3,0,1,1,10,1,17,5,29.4,0.6,0.18,0.12,0.4,23,17,0,14,30,12,1,88.0,88.0,25,0,,0,1.72,4.50 mil. €
Yohan Boli,ci CIV,FW,Antalyaspor,32-176,1993,20,8,859,9.5,2,1,0,0,0,0,17,5,29.4,1.78,0.52,0.12,0.4,16,22,13,1,0,4,0,43.0,90.0,7,12,12.0,9,0.75,1.00 mil. €
Toni Borevkovic,hr CRO,DF,Samsunspor,28-328,1997,18,10,1139,12.7,1,0,0,0,2,0,3,1,33.3,0.24,0.08,0.33,1.0,16,9,0,0,16,11,0,63.0,90.0,10,8,30.0,12,1.33,2.50 mil. €
Benjamin Bouchouari,ma MAR,MF,Trabzonspor,24-180,2001,16,5,530,5.9,0,0,0,0,1,1,6,2,33.3,1.02,0.34,0.0,0.0,7,12,0,3,4,7,0,33.0,73.0,2,11,15.0,5,2.0,5.00 mil. €
Umut Bozok,tr TUR,FW,Eyüpspor,29-235,1996,31,22,2012,22.4,6,5,2,2,4,0,38,20,52.6,1.7,0.89,0.11,0.2,27,62,8,5,5,5,0,65.0,85.0,14,9,15.0,1,1.0,1.20 mil. €
Joshua Brenet,cw CUW,"DF,MF",Kayserispor,32-053,1994,10,8,708,7.9,0,0,0,0,1,0,3,0,0.0,0.38,0.0,0.0,,6,3,0,15,9,1,0,71.0,83.0,7,2,23.0,3,0.8,1.20 mil. €
Ivan Brnić,hr CRO,MF,Başakşehir,24-262,2001,27,7,914,10.2,4,3,0,0,0,0,25,9,36.0,2.46,0.89,0.16,0.44,1,2,2,88,7,1,0,34.0,66.0,2,20,23.0,6,1.78,2.00 mil. €
Archie Brown,eng ENG,"DF,MF",Fenerbahçe,23-349,2002,24,16,1471,16.3,3,2,0,0,4,0,20,6,30.0,1.22,0.37,0.15,0.5,34,30,0,83,7,24,0,61.0,81.0,9,8,23.0,2,2.17,9.00 mil. €
Tahsin Bülbül,,MF,Samsunspor,19-337,2006,3,1,84,0.9,0,0,0,0,1,0,1,0,0.0,1.07,0.0,0.0,,1,0,0,2,1,1,0,28.0,64.0,0,2,10.0,5,1.0,200 bin €
Muhamed Buljubasic,ba BIH,MF,Rizespor,21-312,2004,22,7,791,8.8,0,0,0,0,1,0,12,2,16.7,1.37,0.23,0.0,0.0,17,18,0,7,8,8,0,36.0,79.0,2,15,16.0,11,1.32,1.80 mil. €
Emrecan Bulut,,"MF,FW",Rizespor,24-106,2002,18,6,585,6.5,1,2,0,0,1,0,17,5,29.4,2.62,0.77,0.06,0.2,12,8,1,13,3,7,0,33.0,66.0,1,12,16.0,13,0.83,600 bin €
Onur Bulut,tr TUR,DF,Başakşehir,32-026,1994,17,9,969,10.8,0,1,0,0,1,0,6,1,16.7,0.56,0.09,0.0,0.0,7,9,1,26,8,12,0,57.0,81.0,7,8,30.0,12,1.88,700 bin €
Taylan Bulut,de GER,DF,Beşiktaş,20-113,2006,7,5,445,4.9,0,0,0,0,0,0,1,1,100.0,0.2,0.2,0.0,0.0,5,0,3,9,1,7,0,64.0,88.0,4,2,4.0,13,2.14,5.00 mil. €
Abdulsamet Burak,,DF,Kayserispor,29-364,1996,8,5,375,4.2,0,0,0,0,3,0,0,0,,0.0,0.0,,,7,8,1,5,6,3,0,47.0,63.0,0,3,21.0,4,1.0,-
Cafú,pt POR,MF,Kasımpaşa,33-075,1993,24,14,1236,13.7,0,1,0,0,6,2,15,3,20.0,1.09,0.22,0.0,0.0,17,25,0,42,10,6,0,52.0,73.0,5,10,21.0,1,1.0,300 bin €
Onuralp Çakiroğlu,tr TUR,FW,Trabzonspor,18-158,2007,1,0,1,0.0,0,0,0,0,0,0,0,0,,0.0,0.0,,,0,0,0,0,0,0,0,1.0,,0,1,1.0,17,3.0,-
Lucas Calegari,br BRA,"DF,MF",Eyüpspor,24-074,2002,21,18,1528,17.0,1,2,0,0,1,0,11,4,36.4,0.65,0.24,0.09,0.25,17,30,0,51,14,18,0,73.0,83.0,9,3,13.0,2,0.95,2.50 mil. €
Josip Čalušić,hr CRO,DF,Konyaspor,32-213,1993,8,2,298,3.3,0,0,0,0,1,0,0,0,,0.0,0.0,,,3,1,0,0,5,2,0,37.0,83.0,1,6,22.0,9,1.13,200 bin €
João Pedro Gomes Camacho,pt POR,MF,Fatih Karagümrük,31-323,1994,8,3,319,3.5,0,0,0,0,1,0,4,2,50.0,1.13,0.56,0.0,0.0,8,8,2,8,3,1,0,40.0,49.0,0,5,34.0,0,0.5,300 bin €
Drissa Camara,ci CIV,MF,Gaziantep FK,24-083,2002,26,21,1732,19.2,3,6,0,0,6,1,65,24,36.9,3.38,1.25,0.05,0.13,21,59,2,18,11,20,0,67.0,77.0,7,5,21.0,0,1.15,3.00 mil. €
Miguel Filipe Nunes Cardoso,pt POR,"MF,FW",Kayserispor,31-327,1994,32,32,2852,31.7,2,6,0,0,6,0,73,23,31.5,2.3,0.73,0.03,0.09,42,35,20,266,8,25,0,89.0,89.0,28,0,,0,0.75,1.50 mil. €
Lionel Carole,fr FRA,DF,Kayserispor,35-030,1991,23,22,1810,20.1,0,0,0,0,3,0,1,0,0.0,0.05,0.0,0.0,,11,31,2,20,28,24,0,79.0,82.0,18,1,14.0,1,0.87,300 bin €
Ebrima Ceesay,gm GAM,FW,Samsunspor,19-345,2006,1,0,8,0.1,0,0,0,0,0,0,0,0,,0.0,0.0,,,1,0,0,0,0,0,0,8.0,,0,1,8.0,1,3.0,50 bin €
Jesper Ceesay,gm GAM,MF,Antalyaspor,24-204,2001,30,21,2098,23.3,0,0,0,0,4,0,8,2,25.0,0.34,0.09,0.0,0.0,17,22,1,5,34,32,0,70.0,88.0,18,9,29.0,1,0.77,1.20 mil. €
İzzet Çelik,tr TUR,MF,Alanyaspor,21-326,2004,12,0,156,1.7,0,0,0,0,0,0,2,0,0.0,1.15,0.0,0.0,,5,8,0,1,3,6,0,13.0,,0,12,13.0,12,1.17,300 bin €
Yiğit Çeltik,tr TUR,MF,Kayserispor,23-035,2003,1,0,19,0.2,0,0,0,0,0,0,0,0,,0.0,0.0,,,0,1,0,1,0,1,0,19.0,,0,1,19.0,7,0.0,50 bin €
Václav Černý,cz CZE,MF,Beşiktaş,28-207,1997,29,25,1946,21.6,4,8,0,0,1,0,62,25,40.3,2.87,1.16,0.06,0.16,15,4,2,81,11,12,0,67.0,75.0,3,4,21.0,0,1.72,8.00 mil. €
Fyodor Chalov,ru RUS,"FW,MF",Kayserispor,28-032,1998,13,8,770,8.6,1,1,0,0,1,0,15,6,40.0,1.75,0.7,0.07,0.17,8,9,2,5,2,1,0,59.0,75.0,2,5,34.0,0,0.92,5.00 mil. €
Sidiki Cherif,fr FRA,FW,Fenerbahçe,19-148,2006,12,7,647,7.2,2,0,0,0,0,0,11,8,72.7,1.53,1.11,0.18,0.25,8,9,8,10,1,3,0,54.0,79.0,4,5,19.0,1,2.0,18.00 mil. €
Amine Cherni,tn TUN,MF,Göztepe,24-309,2001,33,33,2911,32.3,0,4,0,0,1,0,24,6,25.0,0.74,0.19,0.0,0.0,44,15,3,218,18,28,0,88.0,88.0,22,0,,0,1.67,2.50 mil. €
Darko Churlinov,mk MKD,"MF,FW",Kocaelispor,25-305,2000,25,11,996,11.1,0,3,0,0,2,0,18,4,22.2,1.63,0.36,0.0,0.0,7,12,7,36,5,8,0,40.0,65.0,1,14,20.0,1,1.12,1.50 mil. €
Kayra Cihan,tr TUR,DF,Kayserispor,18-224,2007,4,1,96,1.1,0,0,0,0,0,0,0,0,,0.0,0.0,,,1,1,0,0,5,4,0,24.0,45.0,0,3,17.0,9,0.75,100 bin €
Muharrem Cinan,,DF,Kocaelispor,27-364,1998,10,4,404,4.5,0,0,0,0,2,0,1,0,0.0,0.22,0.0,0.0,,2,5,0,36,4,8,0,40.0,84.0,3,6,11.0,19,1.2,500 bin €
Anıl Çınar,,DF,Fatih Karagümrük,22-306,2003,15,10,1013,11.3,2,0,0,0,4,0,7,2,28.6,0.62,0.18,0.29,1.0,17,14,0,0,14,10,0,68.0,90.0,8,5,23.0,17,1.0,200 bin €
Ramazan Civelek,tr TUR,"DF,MF",Kayserispor,30-110,1996,30,25,2141,23.8,0,2,0,0,7,0,12,1,8.3,0.5,0.04,0.0,0.0,30,35,5,37,25,21,0,71.0,78.0,10,5,39.0,1,0.77,800 bin €
Luccas Claro,br BRA,DF,Eyüpspor,34-222,1991,16,15,1327,14.7,1,0,0,0,2,0,8,1,12.5,0.54,0.07,0.13,1.0,11,15,1,0,15,8,0,83.0,86.0,14,1,36.0,5,1.13,200 bin €
Kamil Çörekçi,tr TUR,DF,Kasımpaşa,34-100,1992,8,8,673,7.5,0,0,0,0,4,0,0,0,,0.0,0.0,,,8,6,0,7,6,16,0,84.0,84.0,4,0,,3,1.0,100 bin €
Nuno da Costa,cv CPV,"MF,FW",Başakşehir,35-091,1991,25,8,841,9.3,3,1,0,0,3,0,26,6,23.1,2.78,0.64,0.12,0.5,19,17,3,10,7,9,0,34.0,66.0,0,17,18.0,7,1.48,500 bin €
Tanguy Coulibaly,fr FRA,MF,Samsunspor,25-083,2001,12,8,651,7.2,1,0,0,0,4,0,16,4,25.0,2.21,0.55,0.06,0.25,27,12,1,10,3,11,0,54.0,71.0,0,4,21.0,1,2.0,1.20 mil. €
Crespo,pt POR,MF,Başakşehir,29-243,1996,18,11,1041,11.6,0,5,0,0,3,0,13,3,23.1,1.12,0.26,0.0,0.0,21,24,2,14,8,10,0,58.0,77.0,2,7,27.0,10,1.44,2.50 mil. €
Tiago Çukur,tr TUR,"FW,MF",Fatih Karagümrük,23-163,2002,28,15,1543,17.1,2,3,0,0,3,0,30,10,33.3,1.75,0.58,0.07,0.2,35,15,3,20,3,6,0,55.0,80.0,10,13,26.0,1,0.79,400 bin €
Sergio Antonio De Luiz Junior,br BRA,"MF,FW",Fatih Karagümrük,31-036,1995,32,26,2180,24.2,8,1,0,0,2,0,41,15,36.6,1.69,0.62,0.2,0.53,36,62,23,26,6,27,0,68.0,76.0,6,6,32.0,1,0.84,600 bin €
Tom Dele-Bashiru,ng NGA,MF,Gençlerbirliği,26-237,1999,27,25,2270,25.2,0,1,0,0,1,0,16,3,18.8,0.63,0.12,0.0,0.0,20,40,0,1,21,25,0,84.0,89.0,21,2,23.0,1,1.15,1.80 mil. €
Adil Demirbağ,tr TUR,DF,Konyaspor,28-153,1997,24,24,2085,23.2,2,2,0,0,10,0,10,2,20.0,0.43,0.09,0.2,1.0,47,15,0,7,36,20,0,87.0,87.0,21,0,,0,1.38,2.00 mil. €
Anthony Dennis,ng NGA,MF,Göztepe,21-325,2004,30,28,2389,26.5,3,0,0,0,8,0,23,6,26.1,0.87,0.23,0.13,0.5,63,33,0,15,36,31,0,80.0,82.0,13,2,45.0,0,1.7,8.00 mil. €
Stefano Denswil,sr SUR,DF,Kayserispor,33-005,1993,31,31,2721,30.2,1,0,0,0,3,0,24,2,8.3,0.79,0.07,0.04,0.5,22,13,4,5,25,14,0,88.0,88.0,29,0,,1,0.87,800 bin €
Halil Dervişoğlu,tr TUR,FW,Rizespor,26-155,1999,20,7,855,9.5,1,0,0,0,4,0,18,2,11.1,1.89,0.21,0.06,0.5,16,23,6,0,4,5,0,43.0,76.0,0,13,25.0,6,1.1,800 bin €
Ali Diabaté,ci CIV,DF,Samsunspor,19-158,2006,5,2,151,1.7,0,1,0,0,1,0,2,1,50.0,1.19,0.6,0.0,0.0,4,1,0,0,6,3,0,30.0,73.0,1,3,2.0,10,1.6,100 bin €
Fousseni Diabaté,ml MLI,MF,Kasımpaşa,30-206,1995,26,20,1891,21.0,1,3,0,0,1,0,14,7,50.0,0.67,0.33,0.07,0.14,14,19,4,55,8,18,0,73.0,85.0,8,6,31.0,1,1.08,900 bin €
Ousmane Dıabate,gn GUI,MF,Gençlerbirliği,18-230,2007,3,2,182,2.0,0,0,0,0,1,0,1,0,0.0,0.49,0.0,0.0,,2,1,0,0,2,1,0,61.0,90.0,2,1,2.0,5,2.0,-
Anfernee Dijksteel,sr SUR,DF,Kocaelispor,29-197,1996,31,27,2599,28.9,0,0,0,0,2,0,3,0,0.0,0.1,0.0,0.0,,22,33,1,16,26,21,0,84.0,90.0,26,4,44.0,2,1.06,1.20 mil. €
Soner Dikmen,tr TUR,MF,Antalyaspor,32-253,1993,27,24,2058,22.9,4,0,0,0,8,0,24,10,41.7,1.05,0.44,0.17,0.4,34,24,3,12,26,15,0,76.0,80.0,12,3,45.0,4,1.04,800 bin €
Tiago Djaló,pt POR,DF,Beşiktaş,26-033,2000,18,16,1464,16.3,2,0,0,0,4,0,10,3,30.0,0.61,0.18,0.2,0.67,28,13,0,0,27,16,0,81.0,89.0,15,2,18.0,9,1.94,7.00 mil. €
Nene Dorgeles,ml MLI,MF,Fenerbahçe,23-140,2002,25,16,1464,16.3,9,3,0,0,3,0,31,17,54.8,1.91,1.05,0.29,0.53,18,21,2,28,19,15,0,59.0,76.0,6,9,27.0,2,2.2,18.00 mil. €
Rick van Drongelen,nl NED,DF,Samsunspor,27-143,1998,31,30,2733,30.4,2,1,0,0,5,0,18,3,16.7,0.59,0.1,0.11,0.67,47,9,0,10,29,33,0,88.0,90.0,29,1,34.0,0,1.42,4.00 mil. €
Léo Duarte,br BRA,DF,Başakşehir,29-299,1996,26,26,2303,25.6,0,1,0,0,5,0,10,2,20.0,0.39,0.08,0.0,0.0,30,22,0,5,22,23,0,89.0,89.0,24,0,,0,1.77,2.50 mil. €
Abdurrahim Dursun,tr TUR,"DF,MF",Gençlerbirliği,27-162,1998,16,7,657,7.3,0,0,0,0,2,0,6,1,16.7,0.82,0.14,0.0,0.0,7,4,1,27,7,16,0,41.0,74.0,1,9,15.0,12,0.75,250 bin €
Serdar Dursun,tr TUR,FW,Kocaelispor,34-205,1991,27,16,1504,16.7,6,2,2,2,3,0,34,11,32.4,2.03,0.66,0.12,0.36,26,19,7,1,0,3,0,56.0,83.0,9,11,16.0,1,1.22,300 bin €
Georgi Dzhikiya,ru RUS,DF,Antalyaspor,32-172,1993,15,13,1154,12.8,2,0,0,0,3,0,7,3,42.9,0.55,0.23,0.29,0.67,5,7,0,4,7,7,0,77.0,81.0,10,2,49.0,13,0.93,1.50 mil. €
Festy Ebosele,ie IRL,DF,Başakşehir,23-283,2002,14,9,688,7.6,0,0,0,0,4,2,1,0,0.0,0.13,0.0,0.0,,22,16,0,8,12,25,1,49.0,64.0,4,5,23.0,5,1.0,3.50 mil. €
Yiğit Efe Demir,tr TUR,DF,Fenerbahçe,21-283,2004,13,5,633,7.0,0,0,0,0,2,0,7,0,0.0,1.0,0.0,0.0,,9,4,0,3,10,15,0,49.0,81.0,4,8,29.0,12,2.15,5.00 mil. €
Meschak Elia,cd COD,"MF,FW",Alanyaspor,28-279,1997,21,7,729,8.1,2,0,0,0,1,0,13,8,61.5,1.6,0.99,0.15,0.25,12,9,4,35,5,4,0,35.0,69.0,0,14,18.0,3,0.95,2.00 mil. €
Eren Elmalı,tr TUR,"DF,MF",Galatasaray,25-309,2000,24,15,1436,16.0,3,0,0,0,3,0,14,6,42.9,0.88,0.38,0.21,0.5,15,13,1,39,12,18,0,60.0,83.0,9,9,21.0,3,2.38,5.00 mil. €
Yunus Emre Çift,tr TUR,"MF,DF",Samsunspor,22-253,2003,21,9,730,8.1,0,0,0,0,4,0,4,1,25.0,0.49,0.12,0.0,0.0,24,7,0,1,16,18,0,35.0,74.0,2,12,6.0,11,1.62,600 bin €
Mehmet Eray Özbek,,MF,Kayserispor,23-123,2003,8,0,134,1.5,0,0,0,0,1,0,1,0,0.0,0.67,0.0,0.0,,4,1,0,3,0,3,0,17.0,,0,8,17.0,5,1.13,250 bin €
Onur Ergün,tr TUR,MF,Başakşehir,33-178,1992,18,3,341,3.8,0,1,0,0,1,0,5,1,20.0,1.32,0.26,0.0,0.0,3,3,0,1,3,8,0,19.0,53.0,0,15,12.0,10,1.94,200 bin €
Burhan Ersoy,,MF,Fatih Karagümrük,22-333,2003,1,0,4,0.0,0,0,0,0,0,0,0,0,,0.0,0.0,,,0,0,0,0,0,0,0,4.0,,0,1,4.0,21,0.0,100 bin €
Ricardo Esgaio,pt POR,DF,Fatih Karagümrük,32-361,1993,25,23,2089,23.2,0,0,0,0,3,0,2,0,0.0,0.09,0.0,0.0,,41,20,6,33,19,43,0,84.0,88.0,21,2,34.0,0,0.92,800 bin €
Mustafa Eskihellaç,tr TUR,"DF,MF",Trabzonspor,29-007,1997,29,27,2315,25.7,0,4,0,0,7,1,36,7,19.4,1.4,0.27,0.0,0.0,24,64,5,34,18,33,1,80.0,84.0,12,2,26.0,0,2.07,3.50 mil. €
Andri Fannar Baldursson,is ISL,MF,Kasımpaşa,24-122,2002,30,30,2623,29.1,0,1,0,0,8,0,20,2,10.0,0.69,0.07,0.0,0.0,68,34,0,4,37,48,0,87.0,87.0,23,0,,0,1.03,1.50 mil. €
Abbosbek Fayzullayev,uz UZB,MF,Başakşehir,22-221,2003,19,13,1023,11.4,3,2,0,0,4,0,29,12,41.4,2.55,1.06,0.1,0.25,18,19,3,74,6,17,0,54.0,70.0,2,6,20.0,2,1.84,7.00 mil. €
Ohis Felix Uduokhai,de GER,DF,Beşiktaş,28-245,1997,15,12,1126,12.5,0,0,0,0,4,0,4,3,75.0,0.32,0.24,0.0,0.0,16,14,0,0,23,17,0,75.0,90.0,12,3,15.0,16,1.87,4.00 mil. €
Fred,br BRA,MF,Fenerbahçe,33-068,1993,29,14,1388,15.4,2,4,0,0,3,0,42,14,33.3,2.72,0.91,0.05,0.14,20,28,1,27,19,22,0,48.0,74.0,4,15,24.0,4,2.28,6.00 mil. €
Godfried Frimpong,nl NED,DF,Kasımpaşa,27-021,1999,27,25,2194,24.4,0,1,0,0,1,0,4,1,25.0,0.16,0.04,0.0,0.0,23,15,2,57,26,13,0,81.0,85.0,19,2,36.0,3,0.96,2.00 mil. €
Karamba Gassama,gm GAM,"MF,FW",Gaziantep FK,21-130,2005,15,5,560,6.2,0,1,0,0,0,0,9,4,44.4,1.45,0.64,0.0,0.0,7,11,1,8,6,6,0,37.0,78.0,1,10,17.0,1,0.93,300 bin €
Furkan Gedik,,MF,Kocaelispor,23-304,2002,6,0,39,0.4,0,0,0,0,0,0,1,0,0.0,2.31,0.0,0.0,,0,1,0,2,0,0,0,7.0,,0,6,7.0,25,0.33,250 bin €
Lautaro Gianetti,ar ARG,DF,Antalyaspor,32-180,1993,28,19,1710,19.0,1,1,0,0,6,0,9,4,44.4,0.47,0.21,0.11,0.25,18,3,1,1,16,25,0,61.0,83.0,16,9,15.0,1,0.83,1.50 mil. €
Victor Gidado,ng NGA,MF,Gaziantep FK,21-302,2004,10,4,443,4.9,0,0,0,0,2,0,4,0,0.0,0.81,0.0,0.0,,7,2,0,0,8,6,0,44.0,87.0,1,6,16.0,6,0.9,400 bin €
Allan Godói,br BRA,DF,Göztepe,33-038,1993,27,20,1858,20.6,0,2,0,0,2,0,8,2,25.0,0.39,0.1,0.0,0.0,20,30,1,2,34,29,0,69.0,89.0,19,7,11.0,0,1.67,100 bin €
Diogo Gonçalves,pt POR,"MF,FW",Konyaspor,29-095,1997,7,2,224,2.5,2,0,0,0,1,0,4,3,75.0,1.61,1.21,0.5,0.67,5,4,1,3,1,3,0,32.0,73.0,0,5,16.0,5,1.43,2.80 mil. €
Soner Gönül,tr TUR,"DF,MF",Samsunspor,28-335,1997,16,7,745,8.3,0,0,0,0,4,0,6,3,50.0,0.72,0.36,0.0,0.0,5,11,4,52,3,7,0,47.0,83.0,5,9,18.0,16,1.25,600 bin €
Dimitris Goutas,gr GRE,DF,Gençlerbirliği,32-038,1994,32,32,2815,31.3,3,0,0,0,5,0,23,7,30.4,0.74,0.22,0.13,0.43,14,15,1,0,37,22,0,88.0,88.0,30,0,,0,0.97,900 bin €
Mattéo Guendouzi,fr FRA,MF,Fenerbahçe,27-028,1999,15,15,1317,14.6,1,1,0,0,4,0,12,2,16.7,0.82,0.14,0.08,0.5,12,42,1,22,20,11,0,88.0,88.0,12,0,,0,2.07,28.00 mil. €
Bachir Gueye,sn SEN,FW,Antalyaspor,23-065,2003,2,1,90,1.0,2,0,0,0,1,0,3,3,100.0,3.0,3.0,0.67,0.67,4,3,0,1,0,1,0,45.0,45.0,0,1,45.0,7,0.0,100 bin €
İlkay Gündoğan,de GER,MF,Galatasaray,35-200,1990,23,14,1298,14.4,2,3,0,0,1,0,12,2,16.7,0.83,0.14,0.17,1.0,15,14,0,15,12,15,0,56.0,77.0,4,9,25.0,3,2.26,2.50 mil. €
Umut Güneş,tr TUR,MF,Başakşehir,26-057,2000,28,25,1999,22.2,1,0,0,0,3,0,10,2,20.0,0.45,0.09,0.1,0.5,42,24,0,11,22,21,0,71.0,78.0,6,3,20.0,5,1.79,2.50 mil. €
Hamza Güreler,tr TUR,DF,Başakşehir,20-032,2006,5,1,142,1.6,0,0,0,0,0,0,0,0,,0.0,0.0,,,0,2,0,0,3,1,0,28.0,90.0,1,4,13.0,14,2.4,2.00 mil. €
Gökdeniz Gürpüz,tr TUR,MF,Galatasaray,20-076,2006,1,0,1,0.0,0,0,0,0,0,0,1,0,0.0,90.0,0.0,0.0,,0,0,0,0,0,1,0,1.0,,0,1,1.0,6,3.0,250 bin €
Göktan Gürpüz,de GER,MF,Gençlerbirliği,23-110,2003,29,25,1920,21.3,0,5,0,0,2,0,23,3,13.0,1.08,0.14,0.0,0.0,21,20,1,103,13,18,0,66.0,73.0,1,4,27.0,3,0.86,2.00 mil. €
Pape Habib Guèye,sn SEN,FW,Kasımpaşa,26-234,1999,25,16,1553,17.3,5,0,0,1,5,1,38,14,36.8,2.2,0.81,0.13,0.36,66,26,5,8,3,15,1,62.0,86.0,9,9,20.0,6,0.8,1.50 mil. €
Florent Hadergjonaj,xk KVX,MF,Alanyaspor,31-285,1994,28,24,2121,23.6,6,8,3,3,4,0,22,11,50.0,0.93,0.47,0.14,0.27,14,17,1,176,8,14,0,76.0,86.0,19,4,16.0,1,1.0,1.50 mil. €
Ianis Hagi,ro ROU,"MF,FW",Alanyaspor,27-202,1998,25,16,1383,15.4,3,2,0,0,4,0,37,11,29.7,2.41,0.72,0.08,0.27,19,48,3,96,5,14,0,55.0,73.0,3,9,23.0,0,1.24,1.80 mil. €
Massadio Haïdara,ml MLI,DF,Kocaelispor,33-161,1992,22,20,1723,19.1,0,1,0,0,5,0,10,3,30.0,0.52,0.16,0.0,0.0,27,33,4,69,18,13,0,78.0,83.0,14,2,32.0,1,1.14,800 bin €
Haris Hajradinović,ba BIH,MF,Kasımpaşa,32-083,1994,7,7,552,6.1,2,0,1,1,2,0,18,6,33.3,2.93,0.98,0.06,0.17,11,13,1,45,3,10,0,79.0,79.0,5,0,,0,1.14,1.50 mil. €
Matěj Hanousek,cz CZE,DF,Gençlerbirliği,32-344,1993,21,13,1276,14.2,0,0,0,0,1,0,1,0,0.0,0.07,0.0,0.0,,5,2,0,30,10,9,0,61.0,85.0,10,8,22.0,11,0.57,150 bin €
Amine Harit,ma MAR,MF,Başakşehir,28-328,1997,23,19,1496,16.6,2,3,0,0,3,0,27,6,22.2,1.62,0.36,0.07,0.33,20,35,2,34,14,9,0,65.0,73.0,4,4,29.0,2,1.57,5.00 mil. €
Mustafa Hekimoğlu,tr TUR,FW,Beşiktaş,19-020,2007,16,2,340,3.8,1,0,0,0,2,0,8,3,37.5,2.12,0.79,0.13,0.33,19,14,2,3,3,5,0,21.0,71.0,0,14,14.0,7,1.75,5.00 mil. €
Héliton,br BRA,DF,Göztepe,30-180,1995,31,31,2790,31.0,0,1,0,0,10,0,43,8,18.6,1.39,0.26,0.0,0.0,29,7,4,0,30,16,0,90.0,90.0,31,0,,0,1.65,1.00 mil. €
Carlo Holse,dk DEN,MF,Samsunspor,26-344,1999,30,28,2510,27.9,8,3,0,0,1,0,52,21,40.4,1.86,0.75,0.15,0.38,31,30,3,30,18,37,0,84.0,86.0,16,2,46.0,0,1.43,6.00 mil. €
Majid Hosseini,ir IRN,DF,Kayserispor,29-326,1996,3,3,270,3.0,0,0,0,0,1,0,0,0,,0.0,0.0,,,2,1,0,0,8,4,0,90.0,90.0,3,0,,0,1.33,800 bin €
Oh Hyeon-gyu,kr KOR,FW,Beşiktaş,25-030,2001,13,12,1084,12.0,6,1,0,0,2,0,29,13,44.8,2.41,1.08,0.21,0.46,20,28,9,3,3,2,0,83.0,89.0,7,1,16.0,0,1.77,15.00 mil. €
Casper Højer Nielsen,dk DEN,DF,Rizespor,31-173,1994,31,31,2612,29.0,0,1,0,0,5,0,19,3,15.8,0.65,0.1,0.0,0.0,39,20,1,109,30,28,0,84.0,84.0,17,0,,0,1.19,1.20 mil. €
Melih Ibrahimoglu,tr TUR,MF,Konyaspor,25-299,2000,29,27,2274,25.3,1,1,0,0,2,0,23,5,21.7,0.91,0.2,0.04,0.2,34,44,1,23,17,41,0,78.0,83.0,13,2,12.0,2,1.31,1.80 mil. €
Mauro Icardi,ar ARG,FW,Galatasaray,33-082,1993,30,11,1237,13.7,14,1,1,1,1,0,58,25,43.1,4.22,1.82,0.22,0.52,7,4,3,7,1,0,0,41.0,83.0,7,19,17.0,2,2.37,5.00 mil. €
Christ Inao Oulaï,ci CIV,MF,Trabzonspor,20-036,2006,24,23,1988,22.1,2,4,0,0,9,0,24,7,29.2,1.09,0.32,0.08,0.29,38,48,0,26,20,27,0,83.0,84.0,12,1,45.0,0,2.17,17.00 mil. €
Tim Jabol-Folcarelli,fr FRA,MF,Trabzonspor,26-157,1999,27,27,2327,25.9,0,3,0,0,4,0,13,1,7.7,0.5,0.04,0.0,0.0,35,37,0,2,27,35,0,86.0,86.0,23,0,,2,2.07,6.00 mil. €
Ismail Jakobs,sn SEN,DF,Galatasaray,26-268,1999,24,15,1288,14.3,0,1,0,0,1,0,7,0,0.0,0.49,0.0,0.0,,12,10,0,51,13,14,0,54.0,75.0,6,9,17.0,4,2.38,8.00 mil. €
Janderson,br BRA,FW,Göztepe,27-006,1999,31,29,2377,26.4,6,3,0,1,8,0,69,23,33.3,2.61,0.87,0.09,0.26,54,12,13,22,4,17,0,77.0,80.0,4,2,29.0,0,1.58,4.50 mil. €
Nicolas Janvier,fr FRA,MF,Alanyaspor,27-274,1998,26,17,1532,17.0,1,1,0,0,3,0,22,6,27.3,1.29,0.35,0.05,0.17,21,3,0,33,22,13,0,59.0,83.0,8,9,13.0,4,0.96,700 bin €
Jeferson Jeh,br BRA,FW,Göztepe,26-200,1999,15,4,467,5.2,2,0,1,1,3,0,29,10,34.5,5.59,1.93,0.03,0.1,26,10,3,10,0,1,0,31.0,67.0,0,11,18.0,0,1.47,700 bin €
Marko Jevtović,rs SRB,"MF,DF",Konyaspor,32-292,1993,21,13,1178,13.1,0,0,0,0,4,0,14,4,28.6,1.07,0.31,0.0,0.0,11,9,0,6,20,17,0,56.0,82.0,7,8,14.0,4,1.62,500 bin €
Daniel Johnson,jm JAM,MF,Fatih Karagümrük,33-216,1992,17,11,1014,11.3,1,3,0,0,4,0,6,2,33.3,0.53,0.18,0.17,0.5,15,9,3,33,8,2,0,60.0,83.0,7,6,17.0,3,0.71,350 bin €
Uğur Kaan Yıldız,tr TUR,DF,Göztepe,23-279,2002,8,0,64,0.7,0,0,0,0,0,0,1,1,100.0,1.41,1.41,0.0,0.0,1,0,0,4,1,1,0,8.0,,0,8,8.0,19,1.5,700 bin €
Yusuf Kabadayı,de GER,"MF,FW",Gaziantep FK,22-099,2004,17,5,612,6.8,1,0,0,0,6,0,13,5,38.5,1.91,0.74,0.08,0.2,23,8,1,4,8,6,0,36.0,80.0,2,12,18.0,6,1.35,1.50 mil. €
Muhammed Kadıoğlu,tr TUR,DF,Fatih Karagümrük,19-131,2007,9,6,590,6.6,0,0,0,0,1,0,3,1,33.3,0.46,0.15,0.0,0.0,6,3,0,2,13,4,0,66.0,83.0,5,3,32.0,15,0.67,100 bin €
Barış Kalayci,tr TUR,MF,Fatih Karagümrük,20-255,2005,28,14,1222,13.6,1,2,0,0,4,0,28,10,35.7,2.06,0.74,0.04,0.1,13,29,5,24,12,8,0,44.0,75.0,3,14,13.0,4,0.86,600 bin €
Ali Kalın,,FW,Gaziantep FK,18-050,2008,2,0,36,0.4,0,0,0,0,0,0,1,0,0.0,2.5,0.0,0.0,,1,1,0,1,2,1,0,18.0,,0,2,18.0,16,0.0,50 bin €
Ali Kalın,,FW,Gaziantep FK,18-050,2008,2,0,36,0.4,0,0,0,0,0,0,1,0,0.0,2.5,0.0,0.0,,1,1,0,1,2,1,0,18.0,,0,2,18.0,16,0.0,-
Tarık Kalpaklı,tr TUR,MF,Fatih Karagümrük,17-036,2009,10,2,279,3.1,0,0,0,0,1,0,6,1,16.7,1.94,0.32,0.0,0.0,9,2,3,2,1,4,0,28.0,58.0,0,8,21.0,8,0.4,200 bin €
Kubilay Kanatsızkuş,tr TUR,FW,Kasımpaşa,29-045,1997,21,6,612,6.8,1,1,0,0,0,0,12,2,16.7,1.76,0.29,0.08,0.5,7,11,2,4,2,2,0,29.0,74.0,2,15,11.0,9,0.67,500 bin €
N'Golo Kanté,fr FRA,MF,Fenerbahçe,35-044,1991,13,12,1051,11.7,2,0,0,0,3,0,8,2,25.0,0.69,0.17,0.25,1.0,16,6,0,7,20,19,0,81.0,83.0,8,1,51.0,0,2.08,4.50 mil. €
Burak Kapacak,tr TUR,DF,Kayserispor,26-155,1999,11,0,294,3.3,0,1,0,0,1,0,2,1,50.0,0.61,0.31,0.0,0.0,5,5,0,19,7,10,0,27.0,,0,11,27.0,17,0.55,200 bin €
Efecan Karaca,tr TUR,"FW,MF",Alanyaspor,36-177,1989,18,5,503,5.6,0,0,0,0,3,0,0,0,,0.0,0.0,,,11,17,1,17,1,4,0,28.0,69.0,0,13,12.0,12,1.44,100 bin €
Samet Karakoç,az AZE,"MF,DF",Antalyaspor,23-202,2002,21,5,604,6.7,0,3,0,0,1,0,5,0,0.0,0.75,0.0,0.0,,10,11,3,30,6,4,0,29.0,70.0,1,16,16.0,8,1.0,500 bin €
Jadel Katongo,zm ZAM,DF,Kayserispor,21-240,2004,9,6,546,6.1,0,0,0,0,1,0,4,1,25.0,0.66,0.16,0.0,0.0,8,8,1,5,3,9,0,61.0,80.0,4,3,22.0,7,0.89,400 bin €
İbrahim Kaya,,"MF,FW",Alanyaspor,25-064,2001,29,11,1144,12.7,6,1,1,1,2,0,35,14,40.0,2.75,1.1,0.14,0.36,10,33,4,53,5,7,0,39.0,71.0,2,18,20.0,2,1.0,1.00 mil. €
Kerem Kayaarası,tr TUR,FW,Antalyaspor,20-055,2006,1,0,2,0.0,0,0,0,0,0,0,0,0,,0.0,0.0,,,0,0,0,0,1,0,0,2.0,,0,1,2.0,13,0.0,50 bin €
Habib Keita,ml MLI,MF,Kocaelispor,24-096,2002,27,23,2005,22.3,1,2,0,0,3,0,22,2,9.1,0.99,0.09,0.05,0.5,37,33,0,12,16,22,0,74.0,82.0,9,4,30.0,0,1.33,1.80 mil. €
Can Keles,at AUT,"FW,MF",Kocaelispor,24-252,2001,24,9,861,9.6,0,1,0,0,2,1,17,4,23.5,1.78,0.42,0.0,0.0,13,13,3,39,8,7,0,36.0,69.0,2,15,16.0,3,1.17,1.50 mil. €
Thalisson Kelven,br BRA,DF,Gençlerbirliği,28-005,1998,29,28,2526,28.1,2,0,0,0,7,2,11,6,54.5,0.39,0.21,0.18,0.33,32,21,0,6,34,26,2,87.0,89.0,25,1,45.0,0,0.97,700 bin €
Olivier Kemen,cm CMR,MF,Başakşehir,29-296,1996,28,25,2205,24.5,0,3,0,0,5,0,39,9,23.1,1.59,0.37,0.0,0.0,34,45,2,28,9,23,0,79.0,85.0,17,3,27.0,0,1.68,2.50 mil. €
Enes Keskin,,MF,Alanyaspor,24-342,2001,21,6,683,7.6,0,1,0,0,1,0,9,4,44.4,1.19,0.53,0.0,0.0,8,18,4,11,10,16,0,33.0,72.0,0,15,17.0,4,1.38,400 bin €
Abdou Khadre Sy,sn SEN,FW,Eyüpspor,18-148,2007,3,0,21,0.2,0,0,0,0,0,0,0,0,,0.0,0.0,,,1,2,0,0,0,0,0,7.0,,0,3,7.0,7,1.0,-
Emre Kılınç,tr TUR,"MF,FW",Samsunspor,31-262,1994,16,14,1189,13.2,1,5,0,0,6,0,22,6,27.3,1.67,0.45,0.05,0.17,20,19,0,44,3,16,0,74.0,82.0,6,2,24.0,0,1.81,1.20 mil. €
Arda Kızıldağ,tr TUR,DF,Gaziantep FK,27-209,1998,25,22,1764,19.6,1,0,0,0,8,0,13,4,30.8,0.66,0.2,0.08,0.25,26,15,0,2,28,20,0,71.0,79.0,14,3,8.0,5,1.24,900 bin €
Sekou Koita,ml MLI,"MF,FW",Gençlerbirliği,26-165,1999,27,22,1719,19.1,6,0,0,0,3,2,39,14,35.9,2.04,0.73,0.15,0.43,28,31,5,13,7,14,0,64.0,73.0,5,5,23.0,0,1.0,3.00 mil. €
Orkun Kökçü,tr TUR,MF,Beşiktaş,25-134,2000,29,28,2384,26.5,8,7,2,2,5,2,84,31,36.9,3.17,1.17,0.07,0.19,22,52,1,136,8,14,0,82.0,85.0,16,1,8.0,0,1.79,25.00 mil. €
Nurettin Korkmaz,tr TUR,DF,Kayserispor,23-319,2002,7,1,166,1.8,0,1,0,0,1,0,1,1,100.0,0.54,0.54,0.0,0.0,2,5,0,9,2,0,0,24.0,71.0,0,6,16.0,10,0.57,100 bin €
İsmail Köybaşı,tr TUR,DF,Göztepe,36-306,1989,9,0,74,0.8,0,0,0,0,2,1,1,1,100.0,1.22,1.22,0.0,0.0,2,2,0,5,0,2,1,8.0,,0,9,8.0,10,1.4,50 bin €
Kacper Kozłowski,pl POL,"MF,FW",Gaziantep FK,22-208,2003,30,29,2555,28.4,6,2,0,0,6,0,42,17,40.5,1.48,0.6,0.14,0.35,45,87,1,35,3,25,0,85.0,87.0,20,1,38.0,0,1.13,5.00 mil. €
Blaž Kramer,si SVN,FW,Konyaspor,29-345,1996,11,7,663,7.4,5,0,0,0,4,0,16,12,75.0,2.17,1.63,0.31,0.42,20,8,2,4,1,2,0,60.0,80.0,5,4,26.0,0,1.64,900 bin €
Matías Kranevitter,ar ARG,MF,Fatih Karagümrük,32-356,1993,22,21,1681,18.7,1,0,0,0,5,1,8,2,25.0,0.43,0.11,0.13,0.5,33,10,0,4,15,21,0,76.0,78.0,11,1,35.0,0,0.95,700 bin €
Filip Krastev,bg BUL,MF,Göztepe,24-209,2001,11,5,490,5.4,0,1,0,0,1,0,11,2,18.2,2.02,0.37,0.0,0.0,22,8,0,20,7,10,0,45.0,65.0,1,6,27.0,1,1.09,3.50 mil. €
Arda Kurtulan,al ALB,MF,Göztepe,23-174,2002,30,26,2339,26.0,4,2,0,0,6,0,22,6,27.3,0.85,0.23,0.18,0.67,48,25,0,51,46,41,0,78.0,85.0,13,4,33.0,0,1.77,5.00 mil. €
Fatih Kuruçuk,tr TUR,DF,Fatih Karagümrük,28-111,1998,4,2,227,2.5,0,0,0,0,1,0,0,0,,0.0,0.0,,,1,4,0,0,0,2,0,57.0,90.0,2,2,24.0,9,1.0,250 bin €
Çağtay Kurukalıp,tr TUR,DF,Fatih Karagümrük,24-077,2002,24,13,1188,13.2,0,2,0,0,1,0,5,1,20.0,0.38,0.08,0.0,0.0,17,26,3,42,22,17,0,50.0,81.0,10,11,12.0,8,1.04,600 bin €
Ahmed Kutucu,tr TUR,"FW,MF",Galatasaray,26-072,2000,9,0,81,0.9,0,1,0,0,0,0,6,1,16.7,6.67,1.11,0.0,0.0,4,0,0,1,2,2,0,9.0,,0,9,9.0,19,2.22,3.50 mil. €
Moussa Kyabou,ml MLI,MF,Gençlerbirliği,28-024,1998,2,2,146,1.6,0,0,0,0,0,0,0,0,,0.0,0.0,,,4,1,0,1,3,3,0,73.0,73.0,1,0,,0,0.0,400 bin €
Qazim Laçi,al ALB,MF,Rizespor,30-113,1996,31,31,2592,28.8,7,9,3,3,6,1,55,17,30.9,1.91,0.59,0.07,0.24,45,34,7,128,20,28,1,84.0,84.0,19,0,,0,1.29,2.80 mil. €
Mohamed Lamine Bayo,gn GUI,FW,Gaziantep FK,27-342,1998,28,27,2249,25.0,15,3,0,1,2,0,66,29,43.9,2.64,1.16,0.23,0.52,17,6,14,9,2,6,0,80.0,82.0,16,1,46.0,0,1.0,4.00 mil. €
Noa Lang,nl NED,MF,Galatasaray,26-329,1999,12,6,613,6.8,0,3,0,0,2,0,14,5,35.7,2.06,0.73,0.0,0.0,6,8,1,47,2,5,0,51.0,74.0,1,6,28.0,2,2.08,25.00 mil. €
Sam Larsson,se SWE,"MF,FW",Fatih Karagümrük,33-032,1993,21,19,1466,16.3,1,3,1,1,1,0,29,10,34.5,1.78,0.61,0.0,0.0,14,13,3,19,23,13,0,70.0,73.0,6,2,40.0,1,0.9,700 bin €
Mario Lemina,ga GAB,"MF,DF",Galatasaray,32-253,1993,27,19,1679,18.7,2,1,0,0,6,0,23,8,34.8,1.23,0.43,0.09,0.25,26,9,1,6,26,19,0,62.0,76.0,9,8,29.0,2,2.19,5.00 mil. €
Igor Lichnovsky,cl CHI,DF,Fatih Karagümrük,32-066,1994,13,13,1170,13.0,0,2,0,0,3,0,4,0,0.0,0.31,0.0,0.0,,8,5,0,1,17,11,0,90.0,90.0,13,0,,0,1.38,800 bin €
Nuno Lima,pt POR,DF,Alanyaspor,25-057,2001,31,31,2731,30.3,1,1,0,0,8,0,18,3,16.7,0.59,0.1,0.06,0.33,34,18,0,5,20,17,0,88.0,88.0,26,0,,0,1.0,1.50 mil. €
Karol Linetty,pl POL,MF,Kocaelispor,31-099,1995,25,19,1521,16.9,0,2,0,0,7,0,22,10,45.5,1.3,0.59,0.0,0.0,55,17,0,51,18,15,0,61.0,74.0,5,6,20.0,4,1.24,1.50 mil. €
Guilherme Luiz,br BRA,FW,Göztepe,21-017,2005,12,2,186,2.1,0,0,0,0,1,0,1,0,0.0,0.48,0.0,0.0,,6,5,1,1,2,0,0,16.0,58.0,0,10,7.0,3,1.5,1.50 mil. €
Christopher Lungoyi,ch SUI,"MF,FW",Gaziantep FK,25-312,2000,28,19,1717,19.1,2,2,0,0,7,0,43,15,34.9,2.25,0.79,0.05,0.13,43,67,7,18,5,15,0,61.0,80.0,8,9,22.0,4,1.11,1.00 mil. €
Mathias Løvik,no NOR,DF,Trabzonspor,22-157,2003,14,8,650,7.2,0,2,0,0,1,0,1,0,0.0,0.14,0.0,0.0,,7,4,0,25,10,8,0,46.0,66.0,3,6,21.0,1,2.0,4.00 mil. €
Salem M'bakata,cd COD,DF,Gaziantep FK,28-023,1998,1,1,34,0.4,0,0,0,0,0,0,0,0,,0.0,0.0,,,0,0,0,0,1,0,0,34.0,34.0,0,0,,0,0.0,500 bin €
Maestro,ao ANG,MF,Alanyaspor,22-281,2003,20,15,1344,14.9,1,1,0,0,6,1,20,2,10.0,1.34,0.13,0.05,0.5,22,17,0,5,3,15,1,67.0,82.0,10,5,24.0,1,1.0,7.00 mil. €
Denis Makarov,ru RUS,MF,Kayserispor,28-083,1998,12,7,612,6.8,0,0,0,0,3,0,26,12,46.2,3.82,1.76,0.0,0.0,15,16,4,34,2,4,0,51.0,64.0,0,5,33.0,0,0.92,1.50 mil. €
Antoine Makoumbou,cg CGO,MF,Samsunspor,27-298,1998,31,23,2214,24.6,1,1,0,0,7,0,13,4,30.8,0.53,0.16,0.08,0.25,42,32,0,5,16,15,0,71.0,87.0,19,8,27.0,0,1.52,4.00 mil. €
Gaius Makouta,cg CGO,MF,Alanyaspor,28-291,1997,32,31,2586,28.7,1,0,0,0,7,0,23,4,17.4,0.8,0.14,0.04,0.25,37,43,1,25,30,24,0,81.0,83.0,15,1,4.0,0,1.06,2.00 mil. €
Salih Malkoçoglu,,DF,Trabzonspor,21-078,2005,8,2,189,2.1,0,0,0,0,0,0,0,0,,0.0,0.0,,,0,0,0,0,4,6,0,24.0,79.0,1,6,5.0,16,2.13,1.00 mil. €
Carlos Mané,gw GNB,MF,Kayserispor,32-062,1994,22,12,1043,11.6,0,1,0,0,2,0,9,5,55.6,0.78,0.43,0.0,0.0,16,11,5,31,9,11,0,47.0,66.0,0,10,26.0,6,0.64,800 bin €
Ismaila Manga,sn SEN,MF,Eyüpspor,18-362,2007,4,0,28,0.3,0,0,0,0,1,0,0,0,,0.0,0.0,,,1,1,0,0,0,1,0,7.0,,0,4,7.0,7,1.5,-
Sam Mather,eng ENG,FW,Kayserispor,21-251,2004,2,1,52,0.6,0,0,0,0,0,0,0,0,,0.0,0.0,,,0,0,0,1,1,1,0,26.0,45.0,0,1,7.0,13,0.0,100 bin €
Alexandru Maxim,ro ROU,"MF,FW",Gaziantep FK,35-308,1990,32,31,2590,28.8,5,7,4,4,6,0,44,14,31.8,1.53,0.49,0.02,0.07,34,48,2,164,18,18,0,81.0,83.0,12,1,24.0,0,1.16,500 bin €
Dire Mebude,sct SCO,"MF,FW",Rizespor,21-349,2004,12,7,652,7.2,2,2,0,0,0,0,14,9,64.3,1.93,1.24,0.14,0.22,2,18,2,8,9,2,0,54.0,78.0,2,5,21.0,2,1.5,1.20 mil. €
João Mendes,pt POR,MF,Kayserispor,31-203,1994,25,15,1468,16.3,0,4,0,0,4,1,24,3,12.5,1.47,0.18,0.0,0.0,20,32,4,57,7,8,1,59.0,76.0,4,10,33.0,3,0.96,1.20 mil. €
Joe Mendes,se SWE,"MF,DF",Samsunspor,23-132,2002,27,11,1225,13.6,0,1,0,0,4,1,8,1,12.5,0.59,0.07,0.0,0.0,20,24,3,34,12,11,0,45.0,84.0,5,16,19.0,3,1.59,2.50 mil. €
Umut Meraş,tr TUR,DF,Eyüpspor,30-143,1995,22,19,1733,19.3,0,2,0,0,2,0,11,1,9.1,0.57,0.05,0.0,0.0,12,15,3,37,31,19,0,79.0,86.0,12,3,36.0,4,0.86,400 bin €
Levent Mercan,de GER,DF,Fenerbahçe,25-153,2000,20,13,1134,12.6,0,3,0,0,1,0,11,1,9.1,0.87,0.08,0.0,0.0,12,10,2,46,15,16,0,57.0,77.0,4,7,20.0,8,2.1,5.00 mil. €
Valentin Mihaila,ro ROU,"MF,FW",Rizespor,26-099,2000,21,14,1246,13.8,5,3,0,0,4,0,36,14,38.9,2.6,1.01,0.14,0.36,15,21,6,20,3,4,0,59.0,79.0,6,7,20.0,5,1.29,2.80 mil. €
Metehan Mimaroğlu,,"MF,FW",Gençlerbirliği,31-309,1994,31,20,1875,20.8,5,3,1,2,3,0,45,15,33.3,2.16,0.72,0.09,0.27,19,32,10,136,13,11,0,60.0,77.0,3,11,30.0,1,0.97,400 bin €
Filip Mladenović,rs SRB,DF,Fatih Karagümrük,34-270,1991,10,10,846,9.4,1,0,0,0,2,0,5,1,20.0,0.53,0.11,0.2,1.0,5,14,0,42,15,4,0,85.0,85.0,7,0,,0,1.2,400 bin €
Attila Mocsi,hu HUN,DF,Rizespor,25-348,2000,24,18,1661,18.5,2,0,0,0,3,0,5,2,40.0,0.27,0.11,0.4,1.0,23,8,0,7,8,25,0,69.0,87.0,16,6,16.0,8,1.29,2.00 mil. €
Baran Mogultay,de GER,MF,Alanyaspor,21-359,2004,4,1,100,1.1,0,0,0,0,0,0,0,0,,0.0,0.0,,,1,0,0,7,0,0,0,25.0,45.0,0,3,18.0,18,1.75,250 bin €
Musah Mohammed,gh GHA,MF,Göztepe,24-127,2002,10,1,213,2.4,0,0,0,0,1,0,1,1,100.0,0.42,0.42,0.0,0.0,10,5,0,0,2,1,0,21.0,88.0,0,9,14.0,3,1.5,900 bin €
Marius Mouandilmadji,td CHA,FW,Samsunspor,28-110,1998,33,21,1961,21.8,9,2,1,1,3,0,53,22,41.5,2.43,1.01,0.15,0.36,33,27,31,4,5,4,0,59.0,83.0,11,12,19.0,0,1.45,4.50 mil. €
Steve Mounié,bj BEN,FW,Alanyaspor,31-225,1994,21,6,710,7.9,2,0,0,0,4,0,30,8,26.7,3.8,1.01,0.07,0.25,28,12,2,2,1,4,0,34.0,71.0,0,15,19.0,1,0.81,1.80 mil. €
Mert Müldür,tr TUR,DF,Fenerbahçe,27-039,1999,23,10,1157,12.9,1,2,0,0,4,0,11,2,18.2,0.86,0.16,0.09,0.5,6,18,0,31,18,25,0,50.0,79.0,7,13,28.0,8,2.22,7.00 mil. €
Mert Müldür,tr TUR,DF,Fenerbahçe,27-039,1999,23,10,1157,12.9,1,2,0,0,4,0,11,2,18.2,0.86,0.16,0.09,0.5,6,18,0,31,18,25,0,50.0,79.0,7,13,28.0,8,2.22,-
Jackson Muleka,cd COD,"MF,FW",Konyaspor,26-220,1999,29,25,2221,24.7,6,3,1,1,4,0,69,25,36.2,2.8,1.01,0.07,0.2,41,77,6,23,17,26,0,77.0,84.0,13,4,33.0,0,1.14,2.50 mil. €
Adamo Nagalo,bf BFA,DF,Konyaspor,23-232,2002,8,6,598,6.6,0,0,0,0,4,1,3,0,0.0,0.45,0.0,0.0,,6,7,1,0,6,5,1,75.0,90.0,5,2,30.0,3,1.75,2.50 mil. €
Cherif Ndiaye,sn SEN,"FW,MF",Samsunspor,30-109,1996,23,16,1420,15.8,7,1,0,0,4,1,30,12,40.0,1.9,0.76,0.23,0.58,35,50,14,4,0,11,1,62.0,81.0,7,7,19.0,0,1.39,5.00 mil. €
Wilfred Ndidi,ng NGA,MF,Beşiktaş,29-147,1996,24,22,1951,21.7,2,0,0,0,4,0,30,10,33.3,1.38,0.46,0.07,0.2,40,22,1,5,40,34,0,81.0,87.0,16,2,23.0,1,1.79,10.00 mil. €
Renato Nhaga,gw GNB,MF,Galatasaray,19-046,2007,2,0,42,0.5,1,0,0,0,0,0,1,1,100.0,2.14,2.14,1.0,1.0,0,5,0,0,0,0,0,21.0,,0,2,21.0,11,3.0,6.00 mil. €
M'Baye Niang,sn SEN,FW,Gençlerbirliği,31-144,1994,26,19,1738,19.3,4,2,2,2,6,0,47,13,27.7,2.43,0.67,0.04,0.15,50,61,14,6,5,4,0,67.0,83.0,10,7,22.0,0,0.92,800 bin €
Joseph Nonge,be BEL,"MF,FW",Kocaelispor,20-362,2005,24,14,1142,12.7,0,0,0,0,3,0,9,1,11.1,0.71,0.08,0.0,0.0,31,45,0,14,15,14,0,48.0,70.0,2,10,17.0,7,0.92,1.50 mil. €
Olivier Ntcham,cm CMR,MF,Samsunspor,30-092,1996,23,19,1540,17.1,2,1,1,2,3,0,42,11,26.2,2.45,0.64,0.02,0.09,18,18,1,11,9,4,0,67.0,75.0,7,4,31.0,0,1.48,2.80 mil. €
Chibuike Nwaiwu,ng NGA,DF,Trabzonspor,22-293,2003,16,15,1309,14.5,3,1,0,0,0,0,14,5,35.7,0.96,0.34,0.21,0.6,15,25,1,1,21,19,0,82.0,87.0,13,1,2.0,0,2.13,7.00 mil. €
Anthony Nwakaeme,ng NGA,MF,Trabzonspor,37-052,1989,14,6,579,6.4,0,2,0,0,1,0,8,1,12.5,1.24,0.16,0.0,0.0,9,3,0,28,3,3,0,41.0,82.0,1,8,11.0,3,2.14,200 bin €
Ahmet Oğuz,tr TUR,DF,Kocaelispor,33-116,1993,27,24,2099,23.3,0,2,0,0,9,0,10,2,20.0,0.43,0.09,0.0,0.0,44,34,0,118,42,47,0,78.0,85.0,18,3,22.0,1,1.3,400 bin €
Ibrahim Olawoyin,ng NGA,MF,Rizespor,28-162,1997,27,24,1965,21.8,1,1,0,0,3,0,23,5,21.7,1.05,0.23,0.04,0.2,38,54,4,20,17,24,0,73.0,79.0,5,3,24.0,0,1.15,2.20 mil. €
Abdülkadir Ömür,tr TUR,MF,Antalyaspor,26-321,1999,24,16,1230,13.7,0,1,0,0,2,0,14,9,64.3,1.02,0.66,0.0,0.0,11,9,0,30,8,20,0,51.0,67.0,3,8,20.0,3,0.83,2.20 mil. €
Jérôme Onguéné,cm CMR,DF,Eyüpspor,28-141,1997,12,9,772,8.6,0,2,0,0,3,0,2,1,50.0,0.23,0.12,0.0,0.0,8,0,1,0,8,6,0,64.0,83.0,7,3,9.0,3,1.23,250 bin €
Paul Onuachu,ng NGA,FW,Trabzonspor,31-349,1994,29,27,2428,27.0,22,2,6,7,6,0,84,43,51.2,3.11,1.59,0.19,0.37,70,48,25,1,3,2,0,84.0,88.0,19,2,30.0,0,2.21,6.00 mil. €
German Onugkha,ru RUS,FW,Kayserispor,29-310,1996,27,21,1887,21.0,8,1,0,0,3,0,55,21,38.2,2.62,1.0,0.15,0.38,38,34,10,2,0,6,0,70.0,81.0,14,6,30.0,0,0.93,1.80 mil. €
Samed Onur,tr TUR,MF,Gençlerbirliği,23-301,2002,25,4,610,6.8,0,1,0,0,3,0,10,3,30.0,1.48,0.44,0.0,0.0,14,21,1,30,10,8,0,24.0,71.0,0,21,16.0,8,0.84,500 bin €
Henry Onyekuru,ng NGA,MF,Gençlerbirliği,28-341,1997,17,3,311,3.5,0,0,0,1,1,0,3,2,66.7,0.87,0.58,0.0,0.0,5,7,5,1,4,2,0,18.0,54.0,0,14,11.0,5,0.59,1.50 mil. €
Jayden Oosterwolde,nl NED,DF,Fenerbahçe,25-016,2001,30,29,2579,28.7,0,0,0,0,12,1,14,4,28.6,0.49,0.14,0.0,0.0,39,24,2,15,28,28,1,86.0,88.0,26,1,33.0,0,2.27,18.00 mil. €
Christopher Operi,ci CIV,DF,Başakşehir,29-013,1997,22,22,1821,20.2,0,4,0,0,3,0,13,2,15.4,0.64,0.1,0.0,0.0,21,26,0,66,22,17,0,83.0,83.0,18,0,,2,1.77,4.00 mil. €
Jerome Opoku,gh GHA,DF,Başakşehir,27-210,1998,31,30,2649,29.4,0,1,0,0,10,0,16,2,12.5,0.54,0.07,0.0,0.0,52,40,0,6,35,16,0,85.0,86.0,26,1,78.0,0,1.61,5.00 mil. €
Nicholas Opoku,gh GHA,DF,Kasımpaşa,28-185,1997,29,25,2345,26.1,0,0,0,0,5,0,6,1,16.7,0.23,0.04,0.0,0.0,18,16,0,2,23,15,0,81.0,90.0,25,4,24.0,3,0.9,1.50 mil. €
Furkan Orak,,DF,Rizespor,24-349,2001,1,0,12,0.1,0,0,0,0,0,0,0,0,,0.0,0.0,,,0,0,0,0,1,0,0,12.0,,0,1,12.0,20,3.0,250 bin €
Victor Osimhen,ng NGA,FW,Galatasaray,27-134,1998,22,19,1707,19.0,15,5,2,2,8,0,96,40,41.7,5.06,2.11,0.14,0.33,33,23,31,14,6,10,0,78.0,87.0,10,3,18.0,0,2.45,75.00 mil. €
Berkay Özcan,tr TUR,MF,Fatih Karagümrük,28-086,1998,32,25,2278,25.3,0,1,0,0,1,0,27,4,14.8,1.07,0.16,0.0,0.0,22,33,0,42,16,14,0,71.0,82.0,11,7,34.0,0,0.84,1.50 mil. €
Yasin Özcan,tr TUR,DF,Beşiktaş,20-022,2006,1,1,90,1.0,0,0,0,0,0,0,0,0,,0.0,0.0,,,3,0,0,4,2,1,0,90.0,90.0,1,0,,11,3.0,5.00 mil. €
Ogün Özçiçek,,MF,Gaziantep FK,27-108,1999,20,13,1162,12.9,0,0,0,0,4,0,3,0,0.0,0.23,0.0,0.0,,20,29,0,5,18,12,0,58.0,78.0,6,7,22.0,6,1.4,500 bin €
Berat Özdemir,tr TUR,"MF,DF",Başakşehir,27-354,1998,17,10,918,10.2,0,0,0,0,2,0,7,1,14.3,0.69,0.1,0.0,0.0,7,10,0,3,14,10,0,54.0,78.0,3,7,20.0,11,1.59,3.00 mil. €
Yusuf Özdemir,tr TUR,MF,Alanyaspor,25-122,2001,11,10,906,10.1,1,1,0,0,1,0,7,4,57.1,0.7,0.4,0.14,0.25,13,8,0,23,9,8,0,82.0,89.0,8,1,18.0,0,1.27,-
Yusuf Özdemir,tr TUR,MF,Alanyaspor,25-122,2001,11,10,906,10.1,1,1,0,0,1,0,7,4,57.1,0.7,0.4,0.14,0.25,13,8,0,23,9,8,0,82.0,89.0,8,1,18.0,0,1.27,50 bin €
Bahadır Öztürk,tr TUR,DF,Antalyaspor,30-223,1995,8,4,340,3.8,0,0,0,0,2,0,1,1,100.0,0.26,0.26,0.0,0.0,3,9,0,0,3,2,0,43.0,75.0,2,4,10.0,11,1.33,200 bin €
Arda Özyar,,FW,Kocaelispor,19-026,2007,1,0,21,0.2,0,0,0,0,0,0,0,0,,0.0,0.0,,,1,1,0,0,0,0,0,21.0,,0,1,21.0,4,0.0,-
Kenneth Paal,sr SUR,"DF,MF",Antalyaspor,28-322,1997,33,31,2790,31.0,0,0,0,0,3,0,8,1,12.5,0.26,0.03,0.0,0.0,39,32,2,35,19,36,0,85.0,89.0,27,2,18.0,0,0.88,2.50 mil. €
Mithat Pala,tr TUR,"DF,MF",Rizespor,25-270,2000,29,20,1859,20.7,2,0,0,0,1,0,24,7,29.2,1.16,0.34,0.08,0.29,26,42,1,54,24,29,0,64.0,85.0,16,9,17.0,4,1.21,1.80 mil. €
Giannis Papanikolaou,gr GRE,MF,Rizespor,27-175,1998,29,22,1804,20.0,1,0,0,0,6,1,20,2,10.0,1.0,0.1,0.05,0.5,31,19,1,2,24,33,0,62.0,77.0,11,7,14.0,2,1.14,1.50 mil. €
Pedro Pereira,pt POR,DF,Gençlerbirliği,28-110,1998,29,28,2529,28.1,0,1,0,0,11,0,14,4,28.6,0.5,0.14,0.0,0.0,47,22,2,52,25,34,0,87.0,90.0,28,1,9.0,1,0.93,1.20 mil. €
Luis Pérez,es ESP,"MF,DF",Gaziantep FK,31-097,1995,24,20,1654,18.4,0,1,0,0,2,0,6,1,16.7,0.33,0.05,0.0,0.0,13,13,3,58,25,25,0,69.0,79.0,12,4,18.0,6,1.25,1.00 mil. €
Bruno Petković,hr CRO,FW,Kocaelispor,31-238,1994,18,15,1334,14.8,7,0,2,2,2,0,25,12,48.0,1.69,0.81,0.2,0.42,23,43,8,3,1,9,0,74.0,85.0,11,3,20.0,1,1.0,2.00 mil. €
Frantzdy Pierrot,ht HAI,FW,Rizespor,31-044,1995,10,0,123,1.4,0,0,0,0,0,0,5,1,20.0,3.66,0.73,0.0,0.0,1,3,0,0,0,0,0,12.0,,0,10,12.0,3,1.3,2.50 mil. €
Wagner Pina,cv CPV,DF,Trabzonspor,23-190,2002,30,27,2360,26.2,0,7,0,0,4,1,10,3,30.0,0.38,0.11,0.0,0.0,27,31,1,66,23,37,0,79.0,85.0,20,3,25.0,0,2.17,8.00 mil. €
Lenny Pintor,fr FRA,"MF,FW",Eyüpspor,25-280,2000,15,9,739,8.2,0,0,0,0,2,0,12,1,8.3,1.46,0.12,0.0,0.0,8,28,2,18,7,12,0,49.0,69.0,2,6,20.0,0,1.27,200 bin €
Denis Radu,ro ROU,"MF,FW",Eyüpspor,23-048,2003,14,6,573,6.4,0,2,0,0,2,1,4,0,0.0,0.63,0.0,0.0,,6,6,1,8,8,3,1,41.0,77.0,2,8,14.0,1,1.14,400 bin €
Milot Rashica,xk KVX,MF,Beşiktaş,29-318,1996,25,8,986,11.0,1,3,0,0,1,0,23,6,26.1,2.1,0.55,0.04,0.17,13,19,4,32,3,12,0,39.0,79.0,2,17,21.0,4,1.88,4.00 mil. €
Rigoberto Rivas,hn HON,"MF,FW",Kocaelispor,27-285,1998,21,12,1086,12.1,1,1,0,0,3,0,11,2,18.2,0.91,0.17,0.09,0.5,25,9,4,38,11,8,0,52.0,72.0,3,9,25.0,4,1.0,1.20 mil. €
Kévin Rodrigues,pt POR,"DF,MF",Gaziantep FK,32-068,1994,27,25,2194,24.4,2,3,0,0,7,1,26,7,26.9,1.07,0.29,0.08,0.29,28,28,1,37,40,44,0,81.0,84.0,19,2,42.0,0,1.15,1.00 mil. €
Dorin Rotariu,ro ROU,"FW,MF",Eyüpspor,30-287,1995,3,0,68,0.8,0,0,0,0,0,0,1,1,100.0,1.32,1.32,0.0,0.0,0,0,0,1,1,1,0,23.0,,0,3,23.0,1,1.33,250 bin €
Christ Sadia,ci CIV,MF,Eyüpspor,19-031,2007,3,0,14,0.2,0,0,0,0,0,0,0,0,,0.0,0.0,,,0,1,1,0,0,0,0,5.0,,0,3,5.0,3,0.33,100 bin €
Ramzi Safouri,il ISR,MF,Antalyaspor,30-203,1995,24,20,1721,19.1,1,5,0,0,7,0,18,5,27.8,0.94,0.26,0.06,0.2,24,59,3,132,7,14,0,72.0,79.0,9,4,36.0,0,0.88,900 bin €
Ahmet Sagat,de GER,FW,Kocaelispor,29-350,1996,2,0,2,0.0,0,0,0,0,0,0,0,0,,0.0,0.0,,,0,0,0,0,0,0,0,1.0,,0,2,1.0,12,0.0,250 bin €
Görkem Sağlam,de GER,MF,Kayserispor,28-031,1998,10,1,202,2.2,0,0,0,0,2,0,4,1,25.0,1.78,0.45,0.0,0.0,4,5,0,5,0,3,0,20.0,54.0,0,9,16.0,5,0.8,900 bin €
Modibo Sagnan,ml MLI,DF,Rizespor,27-028,1999,19,16,1408,15.6,1,0,0,0,6,0,6,2,33.3,0.38,0.13,0.17,0.5,31,7,2,0,23,22,0,74.0,85.0,14,3,19.0,13,1.32,2.00 mil. €
Devrim Şahin,,MF,Beşiktaş,19-041,2007,4,2,162,1.8,0,0,0,0,0,0,4,1,25.0,2.22,0.56,0.0,0.0,5,1,0,6,1,1,0,41.0,58.0,0,2,24.0,13,3.0,400 bin €
Roland Sallai,hu HUN,"DF,MF",Galatasaray,28-355,1997,29,26,2333,25.9,1,3,0,0,4,1,38,13,34.2,1.47,0.5,0.03,0.08,50,46,1,89,29,30,0,80.0,85.0,15,3,44.0,1,2.31,12.00 mil. €
Davinson Sánchez,co COL,DF,Galatasaray,29-334,1996,30,29,2419,26.9,1,0,0,0,6,1,15,3,20.0,0.56,0.11,0.07,0.33,38,29,1,4,23,35,0,81.0,83.0,21,1,22.0,1,2.43,18.00 mil. €
Leroy Sané,de GER,MF,Galatasaray,30-121,1996,27,26,2191,24.3,7,5,0,0,1,1,46,14,30.4,1.89,0.58,0.15,0.5,28,18,2,74,11,21,0,81.0,84.0,17,1,5.0,1,2.3,22.00 mil. €
Nazim Sangaré,tr TUR,DF,Gaziantep FK,31-347,1994,14,12,1056,11.7,0,0,0,0,4,1,4,1,25.0,0.34,0.09,0.0,0.0,15,23,0,4,40,25,0,75.0,86.0,11,2,10.0,9,1.07,200 bin €
Juan Santos,br BRA,FW,Göztepe,24-067,2002,31,29,2481,27.6,11,4,0,2,5,1,59,30,50.8,2.14,1.09,0.19,0.37,40,30,23,27,8,16,1,80.0,84.0,10,2,29.0,0,1.65,8.00 mil. €
Gabriel Sara,br BRA,MF,Galatasaray,26-320,1999,27,21,1834,20.4,5,4,0,0,1,0,35,13,37.1,1.72,0.64,0.14,0.38,22,17,2,128,11,17,0,68.0,81.0,9,6,22.0,2,2.48,22.00 mil. €
Veysel Sarı,tr TUR,DF,Antalyaspor,37-291,1988,22,22,1923,21.4,1,1,0,0,4,0,9,3,33.3,0.42,0.14,0.11,0.33,23,29,3,1,22,28,0,87.0,87.0,19,0,,2,1.0,100 bin €
Yusuf Sari,tr TUR,MF,Başakşehir,27-173,1998,21,18,1457,16.2,1,6,0,0,1,0,39,16,41.0,2.41,0.99,0.03,0.06,12,18,3,133,5,5,0,69.0,75.0,3,3,38.0,1,1.57,3.50 mil. €
Talha Sarıarslan,tr TUR,FW,Kayserispor,22-114,2004,14,1,164,1.8,2,2,0,0,1,0,8,3,37.5,4.39,1.65,0.25,0.67,0,3,2,0,1,3,0,12.0,45.0,0,13,9.0,13,0.93,500 bin €
Dario Šarić,ba BIH,MF,Antalyaspor,28-347,1997,24,16,1396,15.5,1,1,0,0,2,0,16,5,31.3,1.03,0.32,0.06,0.2,19,55,3,18,11,23,0,58.0,73.0,4,8,29.0,1,0.67,700 bin €
Ľubomír Šatka,sk SVK,DF,Samsunspor,30-161,1995,26,25,2115,23.5,0,1,0,0,1,0,5,0,0.0,0.21,0.0,0.0,,15,2,0,4,21,20,0,81.0,83.0,21,1,34.0,1,1.58,1.80 mil. €
Stefan Savić,me MNE,DF,Trabzonspor,35-124,1991,22,20,1756,19.5,1,1,0,0,3,0,6,2,33.3,0.31,0.1,0.17,0.5,10,10,0,3,21,8,0,80.0,85.0,18,2,24.0,0,2.05,500 bin €
Davie Selke,de GER,FW,Başakşehir,31-112,1995,23,14,1173,13.0,9,0,2,2,5,1,35,17,48.6,2.69,1.3,0.2,0.41,25,23,3,6,2,1,1,51.0,66.0,0,9,28.0,1,1.91,3.00 mil. €
Nélson Semedo,pt POR,DF,Fenerbahçe,32-177,1993,25,25,1905,21.2,1,2,0,0,7,0,14,2,14.3,0.66,0.09,0.07,0.5,20,28,0,41,29,32,0,76.0,76.0,13,0,,0,2.08,7.00 mil. €
Eldor Shomurodov,uz UZB,"MF,FW",Başakşehir,30-317,1995,33,33,2826,31.4,21,5,3,3,0,0,94,47,50.0,2.99,1.5,0.19,0.38,20,18,8,18,3,15,0,86.0,86.0,21,0,,0,1.64,7.00 mil. €
Show,ao ANG,MF,Kocaelispor,27-067,1999,29,24,2226,24.7,0,0,0,0,11,1,19,2,10.5,0.77,0.08,0.0,0.0,41,37,0,4,24,30,1,77.0,87.0,16,5,28.0,0,1.07,1.50 mil. €
Jota Silva,pt POR,MF,Beşiktaş,26-284,1999,17,5,537,6.0,3,0,0,0,1,0,29,9,31.0,4.86,1.51,0.1,0.33,13,14,4,9,6,1,0,32.0,64.0,0,12,18.0,9,1.82,12.00 mil. €
Wilfried Singo,ci CIV,DF,Galatasaray,25-138,2000,18,10,861,9.6,2,1,0,0,2,0,10,2,20.0,1.05,0.21,0.2,1.0,18,18,1,9,14,11,0,48.0,73.0,6,8,17.0,4,2.11,25.00 mil. €
Doğukan Sınık,tr TUR,MF,Antalyaspor,27-111,1999,20,9,838,9.3,0,2,0,0,5,1,25,4,16.0,2.68,0.43,0.0,0.0,20,14,3,18,2,9,1,42.0,63.0,1,11,25.0,5,0.6,1.00 mil. €
Guilherme Sityá,pt POR,"DF,MF",Konyaspor,36-041,1990,22,21,1858,20.6,0,1,0,0,3,0,12,1,8.3,0.58,0.05,0.0,0.0,17,8,1,104,24,21,0,84.0,87.0,18,1,22.0,0,0.91,300 bin €
Ahmet Sivri,,"MF,FW",Fatih Karagümrük,26-310,1999,9,3,299,3.3,0,0,0,0,0,0,12,3,25.0,3.61,0.9,0.0,0.0,14,3,0,7,4,2,0,33.0,70.0,0,6,15.0,3,0.11,250 bin €
Milan Škriniar,sk SVK,DF,Fenerbahçe,31-090,1995,24,24,2115,23.5,2,0,0,0,6,0,17,4,23.5,0.72,0.17,0.12,0.5,29,24,1,2,15,20,0,88.0,88.0,23,0,,5,2.21,11.00 mil. €
Hrvoje Smolčić,hr CRO,DF,Kocaelispor,25-268,2000,25,25,2136,23.7,1,1,0,0,2,0,16,5,31.3,0.67,0.21,0.06,0.2,41,14,2,22,33,22,0,85.0,85.0,22,0,,1,1.36,2.00 mil. €
Deian Sorescu,ro ROU,"MF,DF",Gaziantep FK,28-256,1997,24,15,1463,16.3,3,1,1,2,3,0,36,9,25.0,2.21,0.55,0.06,0.22,21,27,6,57,12,14,0,61.0,79.0,7,9,31.0,8,1.13,1.80 mil. €
Afonso Sousa,pt POR,MF,Samsunspor,26-009,2000,7,1,173,1.9,1,1,0,0,1,0,7,3,42.9,3.64,1.56,0.14,0.33,0,3,0,9,1,2,0,25.0,71.0,0,6,17.0,0,1.43,3.50 mil. €
Ali Sowe,gm GAM,FW,Rizespor,31-332,1994,31,25,2198,24.4,6,4,0,0,2,0,48,15,31.3,1.97,0.61,0.13,0.4,37,38,8,2,2,4,0,71.0,82.0,11,6,24.0,0,1.19,1.50 mil. €
Furkan Soyalp,tr TUR,MF,Kayserispor,30-334,1995,27,22,1775,19.7,1,0,0,0,7,0,24,10,41.7,1.22,0.51,0.04,0.1,47,35,1,23,27,42,0,66.0,75.0,5,5,25.0,1,0.85,400 bin €
Çağlar Söyüncü,tr TUR,DF,Fenerbahçe,29-354,1996,10,9,725,8.1,0,1,0,0,0,0,2,0,0.0,0.25,0.0,0.0,,15,8,0,3,6,11,0,73.0,76.0,6,1,45.0,14,2.4,4.50 mil. €
Marius Ştefănescu,ro ROU,MF,Konyaspor,27-271,1998,8,1,167,1.9,0,0,0,0,0,0,6,2,33.3,3.23,1.08,0.0,0.0,5,2,1,16,0,2,0,21.0,67.0,0,7,14.0,9,0.75,700 bin €
Nikola Storm,be BEL,"MF,FW",Antalyaspor,31-224,1994,27,20,1572,17.5,4,1,0,0,1,0,34,19,55.9,1.95,1.09,0.12,0.21,15,12,1,67,9,8,0,58.0,71.0,4,7,23.0,4,0.93,1.50 mil. €
Sander van de Streek,nl NED,"FW,MF",Antalyaspor,33-049,1993,30,27,2248,25.0,6,3,0,0,5,1,37,13,35.1,1.48,0.52,0.16,0.46,47,27,13,20,20,15,1,75.0,79.0,11,3,37.0,2,0.93,600 bin €
Mahamadou Susoho,es ESP,MF,Kocaelispor,21-112,2005,8,4,423,4.7,0,0,0,0,0,0,2,0,0.0,0.43,0.0,0.0,,7,8,0,2,5,7,0,53.0,74.0,1,4,32.0,1,0.88,1.00 mil. €
Sander Svendsen,no NOR,"MF,FW",Konyaspor,28-279,1997,10,3,283,3.1,0,0,0,0,0,0,5,2,40.0,1.59,0.64,0.0,0.0,2,2,2,2,1,1,0,28.0,68.0,1,7,11.0,5,1.1,700 bin €
Muhammet Taha Şahin,,"DF,MF",Rizespor,25-202,2000,27,19,1791,19.9,1,0,0,0,4,0,8,4,50.0,0.4,0.2,0.13,0.25,16,23,0,94,22,18,0,66.0,88.0,16,8,15.0,3,1.11,3.00 mil. €
Talisca,br BRA,"MF,FW",Fenerbahçe,32-100,1994,30,24,1944,21.6,19,4,5,8,2,0,115,48,41.7,5.32,2.22,0.12,0.29,21,33,8,12,8,4,0,65.0,74.0,5,6,29.0,0,2.3,8.00 mil. €
Emre Taşdemir,tr TUR,DF,Kasımpaşa,30-277,1995,5,1,53,0.6,0,0,0,0,0,0,0,0,,0.0,0.0,,,0,2,0,3,1,0,0,11.0,19.0,0,4,9.0,15,1.0,100 bin €
Ilter Tashkin,az AZE,MF,Eyüpspor,31-311,1994,21,12,998,11.1,0,0,0,0,6,0,7,3,42.9,0.63,0.27,0.0,0.0,21,7,0,1,12,18,0,48.0,76.0,1,9,10.0,10,1.14,150 bin €
Elayis Tavsan,nl NED,"MF,FW",Samsunspor,25-012,2001,14,7,726,8.1,1,1,0,0,1,0,28,7,25.0,3.47,0.87,0.04,0.14,17,10,1,34,3,15,0,52.0,77.0,1,7,26.0,2,1.21,1.50 mil. €
Dorukhan Toköz,tr TUR,"MF,DF",Kayserispor,29-356,1996,25,16,1273,14.1,0,0,0,0,5,1,8,0,0.0,0.57,0.0,0.0,,34,27,0,5,21,16,0,51.0,67.0,2,9,23.0,4,0.88,800 bin €
Logi Tómasson,is ISL,DF,Samsunspor,25-241,2000,29,26,2256,25.1,1,4,0,0,5,0,18,5,27.8,0.72,0.2,0.06,0.2,41,4,2,86,19,27,0,78.0,84.0,19,3,20.0,2,1.48,2.50 mil. €
Franco Tongya,it ITA,MF,Gençlerbirliği,24-060,2002,27,26,2177,24.2,4,2,1,1,6,1,35,18,51.4,1.45,0.74,0.09,0.17,45,36,8,12,10,26,0,81.0,83.0,9,1,32.0,0,1.07,2.00 mil. €
Emir Topçu,tr TUR,DF,Beşiktaş,25-213,2000,20,19,1650,18.3,1,0,0,0,9,0,14,5,35.7,0.76,0.27,0.07,0.2,29,17,1,16,28,25,0,83.0,87.0,16,1,6.0,6,1.9,6.00 mil. €
Lucas Torreira,uy URU,MF,Galatasaray,30-090,1996,30,28,2213,24.6,3,4,0,0,5,0,22,8,36.4,0.89,0.33,0.14,0.38,35,24,3,5,24,29,0,74.0,77.0,9,2,29.0,1,2.33,12.00 mil. €
Ángel Torres,co COL,"MF,FW",Eyüpspor,26-036,2000,11,6,545,6.1,0,1,0,0,0,0,7,0,0.0,1.16,0.0,0.0,,9,9,3,7,4,6,0,50.0,72.0,1,5,23.0,0,0.55,300 bin €
Adama Traoré,ml MLI,"MF,FW",Gençlerbirliği,30-341,1995,15,10,990,11.0,1,1,0,0,3,0,19,4,21.1,1.73,0.36,0.05,0.25,15,12,6,11,4,7,0,66.0,83.0,4,5,33.0,0,0.6,2.00 mil. €
Ahmed Traore,ci CIV,MF,Fatih Karagümrük,19-029,2007,13,3,327,3.6,1,0,0,0,1,0,9,3,33.3,2.48,0.83,0.11,0.33,8,6,4,3,2,5,0,25.0,54.0,0,10,16.0,3,1.08,250 bin €
Indrit Tuci,al ALB,"FW,MF",Kayserispor,25-240,2000,19,5,734,8.2,3,0,0,0,1,0,31,12,38.7,3.8,1.47,0.1,0.25,22,21,3,2,4,6,0,39.0,80.0,1,14,24.0,12,0.53,700 bin €
Ozan Tufan,tr TUR,"MF,DF",Trabzonspor,31-050,1995,24,14,1342,14.9,1,2,0,0,3,0,12,4,33.3,0.8,0.27,0.08,0.25,15,14,1,20,19,21,0,56.0,86.0,9,10,14.0,9,2.13,1.50 mil. €
Muhammet Tunahan Taşçı,tr TUR,MF,Konyaspor,24-013,2002,13,0,223,2.5,1,1,0,0,1,0,5,3,60.0,2.02,1.21,0.2,0.33,3,5,0,11,0,3,0,17.0,,0,13,17.0,10,1.46,700 bin €
Hüseyin Türkmen,tr TUR,DF,Antalyaspor,28-131,1998,19,15,1340,14.9,0,0,0,0,0,0,5,1,20.0,0.34,0.07,0.0,0.0,11,8,0,5,31,10,0,71.0,84.0,11,4,20.0,6,0.79,300 bin €
Salih Uçan,tr TUR,MF,Beşiktaş,32-126,1994,18,5,516,5.7,0,0,0,0,3,0,5,1,20.0,0.87,0.17,0.0,0.0,14,6,0,5,11,14,0,29.0,64.0,0,13,15.0,10,2.33,1.00 mil. €
Hwang Ui-jo,kr KOR,"MF,FW",Alanyaspor,33-257,1992,32,29,2381,26.5,4,6,0,0,2,0,42,15,35.7,1.59,0.57,0.1,0.27,20,33,10,22,5,8,0,74.0,79.0,4,3,28.0,0,1.13,500 bin €
Oğulcan Ülgün,tr TUR,MF,Gençlerbirliği,28-001,1998,24,20,1524,16.9,4,3,0,0,5,0,25,9,36.0,1.48,0.53,0.16,0.44,33,54,3,14,8,11,0,64.0,71.0,7,4,25.0,2,1.17,1.20 mil. €
Talha Ulvan,be BEL,DF,Eyüpspor,25-022,2001,19,12,1107,12.3,1,0,0,0,2,0,14,4,28.6,1.14,0.33,0.07,0.25,15,10,0,38,15,22,0,58.0,83.0,7,7,17.0,14,1.21,300 bin €
Arda Ünyay,tr TUR,DF,Galatasaray,19-114,2007,7,0,133,1.5,0,0,0,0,0,0,1,0,0.0,0.68,0.0,0.0,,2,0,0,0,2,2,0,19.0,,0,7,19.0,10,2.71,1.00 mil. €
Necip Uysal,tr TUR,MF,Beşiktaş,35-108,1991,2,1,81,0.9,0,0,0,0,1,0,0,0,,0.0,0.0,,,4,1,0,0,5,0,0,41.0,70.0,0,1,11.0,7,1.5,100 bin €
Fıratcan Üzüm,,"DF,MF",Gençlerbirliği,26-342,1999,7,4,343,3.8,0,0,0,0,0,0,2,0,0.0,0.52,0.0,0.0,,2,6,0,6,2,4,0,49.0,79.0,3,3,9.0,20,1.29,200 bin €
Daniele Verde,it ITA,MF,Fatih Karagümrük,29-326,1996,8,6,489,5.4,1,4,0,0,0,0,16,10,62.5,2.94,1.84,0.06,0.1,2,7,0,26,7,0,0,61.0,72.0,1,2,28.0,1,1.0,700 bin €
Bruno Viana,br BRA,DF,Alanyaspor,31-096,1995,5,3,308,3.4,0,0,0,0,1,0,1,0,0.0,0.29,0.0,0.0,,4,1,0,1,1,6,0,62.0,87.0,2,2,24.0,22,0.8,600 bin €
Edin Višća,ba BIH,MF,Trabzonspor,36-084,1990,9,2,189,2.1,0,0,0,0,0,0,7,2,28.6,3.33,0.95,0.0,0.0,0,7,2,21,1,1,0,21.0,37.0,0,7,16.0,4,2.22,300 bin €
Mateusz Wieteska,pl POL,DF,Kocaelispor,29-090,1997,1,1,21,0.2,0,0,0,0,0,0,0,0,,0.0,0.0,,,0,0,0,0,1,0,0,21.0,21.0,0,0,,0,0.0,1.20 mil. €
Cláudio Winck,br BRA,DF,Kasımpaşa,32-027,1994,27,26,2300,25.6,3,1,0,0,6,0,31,8,25.8,1.21,0.31,0.1,0.38,39,37,3,66,22,37,0,85.0,88.0,22,1,17.0,0,1.11,800 bin €
Eren Yağmur,,FW,Konyaspor,19-064,2007,1,0,11,0.1,0,1,0,0,0,0,0,0,,0.0,0.0,,,2,0,0,0,0,1,0,11.0,,0,1,11.0,2,0.0,-
Güven Yalçın,tr TUR,"FW,MF",Alanyaspor,27-114,1999,27,12,990,11.0,8,0,1,1,2,0,28,13,46.4,2.55,1.18,0.25,0.54,26,16,5,8,5,0,0,37.0,65.0,0,15,14.0,2,1.15,1.00 mil. €
Samet Yalçın,,MF,Kocaelispor,32-070,1994,12,3,267,3.0,0,0,0,0,0,1,4,0,0.0,1.35,0.0,0.0,,3,0,1,2,4,4,0,22.0,64.0,0,9,8.0,18,1.42,250 bin €
Karahan Yasir Subaşı,tr TUR,"DF,MF",Konyaspor,30-131,1996,11,4,420,4.7,0,0,0,0,0,0,0,0,,0.0,0.0,,,4,1,0,3,10,5,0,38.0,82.0,1,7,13.0,21,0.91,100 bin €
Zeki Yavru,tr TUR,DF,Samsunspor,34-249,1991,27,24,1939,21.5,0,1,0,0,3,0,11,3,27.3,0.51,0.14,0.0,0.0,20,15,1,150,25,23,0,72.0,80.0,13,3,6.0,3,1.54,300 bin €
Arda Yavuz,,DF,Eyüpspor,19-357,2006,2,1,68,0.8,0,0,0,0,0,0,0,0,,0.0,0.0,,,1,0,0,0,1,3,0,34.0,64.0,0,1,4.0,10,0.5,50 bin €
Batuhan Yavuz,tr TUR,DF,Alanyaspor,21-008,2005,1,0,1,0.0,0,0,0,0,0,0,0,0,,0.0,0.0,,,0,0,0,0,0,0,0,1.0,,0,1,1.0,13,3.0,50 bin €
Ali Yavuz Kol,tr TUR,MF,Kasımpaşa,25-103,2001,24,5,719,8.0,0,0,0,0,3,0,26,3,11.5,3.25,0.38,0.0,0.0,27,5,1,44,6,19,0,30.0,75.0,1,19,18.0,8,0.71,300 bin €
Uğurcan Yazgılı,tr TUR,DF,Konyaspor,27-033,1999,26,24,2001,22.2,0,1,0,0,9,0,16,2,12.5,0.72,0.09,0.0,0.0,29,23,0,9,40,32,0,77.0,82.0,18,2,13.0,2,1.19,1.20 mil. €
Erdoğan Yeşilyurt,,"DF,MF",Antalyaspor,32-187,1993,8,5,391,4.3,0,1,0,0,4,0,6,2,33.3,1.38,0.46,0.0,0.0,3,7,0,23,10,3,0,49.0,72.0,2,3,11.0,4,1.0,400 bin €
Bertuğ Yıldırım,tr TUR,FW,Başakşehir,23-304,2002,19,5,561,6.2,7,1,0,0,2,0,18,10,55.6,2.89,1.6,0.39,0.7,20,12,5,1,3,3,0,30.0,55.0,0,14,21.0,4,1.53,4.00 mil. €
Ege Yıldırım,,DF,Göztepe,19-024,2007,1,0,9,0.1,0,0,0,0,0,0,0,0,,0.0,0.0,,,0,0,0,0,0,0,0,9.0,,0,1,9.0,2,3.0,50 bin €
Kartal Yılmaz,tr TUR,MF,Beşiktaş,25-189,2000,13,5,518,5.8,0,1,0,0,2,0,7,1,14.3,1.22,0.17,0.0,0.0,11,7,0,18,7,8,0,40.0,80.0,1,8,15.0,15,2.08,2.50 mil. €
Rıdvan Yılmaz,tr TUR,DF,Beşiktaş,24-356,2001,24,23,2074,23.0,0,0,0,0,4,0,10,1,10.0,0.43,0.04,0.0,0.0,10,35,3,73,22,30,0,86.0,89.0,21,1,20.0,4,1.63,4.00 mil. €
Okay Yokuşlu,tr TUR,"MF,DF",Trabzonspor,32-064,1994,22,10,889,9.9,1,0,0,0,1,1,6,3,50.0,0.61,0.3,0.17,0.33,16,18,0,4,7,5,0,40.0,78.0,7,12,9.0,4,2.27,1.50 mil. €
İsmail Yüksek,tr TUR,MF,Fenerbahçe,27-106,1999,29,18,1675,18.6,1,1,0,0,5,0,29,7,24.1,1.56,0.38,0.03,0.14,37,34,1,10,21,37,0,58.0,77.0,8,11,26.0,2,2.17,15.00 mil. €
Celil Yüksel,tr TUR,MF,Samsunspor,28-131,1998,20,14,1155,12.8,0,1,0,0,2,0,18,2,11.1,1.4,0.16,0.0,0.0,26,23,0,28,17,25,0,58.0,74.0,5,6,21.0,1,1.6,800 bin €
Altin Zeqiri,xk KVX,"MF,FW",Rizespor,25-298,2000,23,5,704,7.8,1,0,0,0,3,0,13,6,46.2,1.66,0.77,0.08,0.17,9,6,1,27,2,12,0,31.0,72.0,2,18,19.0,4,1.09,1.20 mil. €
Oleksandr Zubkov,ua UKR,MF,Trabzonspor,29-282,1996,30,25,2170,24.1,4,7,0,0,1,0,71,18,25.4,2.94,0.75,0.06,0.22,23,24,4,167,11,21,0,72.0,80.0,6,5,33.0,0,2.1,7.00 mil. €
Mateusz Łęgowski,pl POL,"MF,FW",Eyüpspor,23-103,2003,25,17,1474,16.4,1,1,0,0,5,0,11,3,27.3,0.67,0.18,0.09,0.33,19,22,2,14,5,15,0,59.0,77.0,6,8,21.0,3,1.08,2.00 mil. €
